,UniProt ID,PDB ID,pdbid,membrane_name_cache
0,P0A910,PDB IDs: 1qjp,1qjp,Gram-neg. outer
1,P0A917,PDB IDs: 1qj8,1qj8,Gram-neg. outer
2,Q9RP17,PDB IDs: 1p4t,1p4t,Gram-neg. outer
4,P17811,PDB IDs: 2x55,2x55,Gram-neg. outer
5,Q51227,PDB IDs: 1k24,1k24,Gram-neg. outer
6,E6MVD9,PDB IDs: 1uyn,1uyn,Gram-neg. outer
7,P0A921,PDB IDs: 1qd6,1qd6,Gram-neg. outer
8,P0A927,PDB IDs: 1tly,1tly,Gram-neg. outer
9,P10384,PDB IDs: 3pgs,3pgs,Gram-neg. outer
10,P02931,PDB IDs: 3pox,3pox,Gram-neg. outer
11,Q48473,PDB IDs: 1osm,1osm,Gram-neg. outer
12,P24305,PDB IDs: 2fgq,2fgq,Gram-neg. outer
13,P31243,PDB IDs: 2por,2por,Gram-neg. outer
14,P39767,PDB IDs: 3prn,3prn,Gram-neg. outer
15,P02943,PDB IDs: 1af6,1af6,Gram-neg. outer
16,P26466,PDB IDs: 2mpr,2mpr,Gram-neg. outer
17,P22340,PDB IDs: 1a0s,1a0s,Gram-neg. outer
18,P06971,PDB IDs: 1qfg,1qfg,Gram-neg. outer
19,P05825,PDB IDs: 1fep,1fep,Gram-neg. outer
20,P13036,PDB IDs: 1kmo,1kmo,Gram-neg. outer
21,P06129,PDB IDs: 1nqe,1nqe,Gram-neg. outer
22,P48632,PDB IDs: 2iah,2iah,Gram-neg. outer
23,P02930,PDB IDs: 1ek9,1ek9,Gram-neg. outer
24,Q9KS51,PDB IDs: 1yc9,1yc9,Gram-neg. outer
25,Q51487,PDB IDs: 1wp1,1wp1,Gram-neg. outer
28,P37019,PDB IDs: 1ots,1ots,Gram-neg. inner
29,F2Z293,PDB IDs: 3pl9,3pl9,Thylakoid
30,Q8ZRP8,PDB IDs: 1kpl,1kpl,Gram-neg. inner
31,G1UBD1,PDB IDs: 1yew,1yew,Gram-neg. inner
32,P0C0S1,PDB IDs: 2oau,2oau,Gram-neg. inner
33,P9WJN5,PDB IDs: 2oar,2oar,Gram-pos. inner
34,P60844,PDB IDs: 2o9g,2o9g,Gram-neg. inner
35,P0AER0,PDB IDs: 1ldf,1ldf,Gram-neg. inner
36,P69681,PDB IDs: 1u7g,1u7g,Gram-neg. inner
37,Q6J8I9,PDB IDs: 2b6p,2b6p,Eykaryo. plasma
38,P02920,PDB IDs: 2cfp,2cfp,Gram-neg. inner
39,P08194,PDB IDs: 1pw4,1pw4,Gram-neg. inner
40,P06611,PDB IDs: 1l7v,1l7v,Gram-neg. inner
41,P26790,PDB IDs: 1nkz,1nkz,Thylakoid
42,P35089,PDB IDs: 1ijd,1ijd,Thylakoid
43,P95673,PDB IDs: 1lgh,1lgh,Thylakoid
44,P12333,PDB IDs: 1rwt,1rwt,Thylakoid
45,Q93RD8,PDB IDs: 1eys,1eys,Thylakoid
46,P0C0Y9,PDB IDs: 1l9b,1l9b,Thylakoid
47,P06008,PDB IDs: 1dxr,1dxr,Thylakoid
48,P33517,PDB IDs: 1m56,1m56,Gram-neg. inner
49,P08306,PDB IDs: 1qle,1qle,Gram-neg. inner
50,F1NHE9,PDB IDs: 3spc,3spc,Eykaryo. plasma
51,P0ABI8,PDB IDs: 1fft,1fft,Gram-neg. inner
52,P0AAJ3,PDB IDs: 1kqf,1kqf,Gram-neg. inner
53,P11349,PDB IDs: 1q16,1q16,Gram-neg. inner
54,P0A8Q0,PDB IDs: 1kf6,1kf6,Gram-neg. inner
55,P02711,PDB IDs: 4aq9,4aq9,Eykaryo. plasma
56,P07014,PDB IDs: 1nek,1nek,Gram-neg. inner
57,P01868,PDB IDs: 1r3j,1r3j,Gram-pos. inner
58,P01837,PDB IDs: 1s5h,1s5h,Gram-pos. inner
59,P83698,PDB IDs: 1p7b,1p7b,Gram-neg. inner
60,Q8YSC4,PDB IDs: 1xio,1xio,Gram-neg. inner
61,Q8TTZ4,PDB IDs: 3d31,3d31,Archaebac.
62,Q72LA4,PDB IDs: 2vpz,2vpz,Gram-neg. inner
63,P02699,PDB IDs: 3cap,3cap,Eykaryo. plasma
64,P15319,PDB IDs: 6cd2,6cd2,Gram-neg. outer
65,P68699,PDB IDs: 1a91,1a91,Gram-neg. inner
66,P0AB98,PDB IDs: 1c17,1c17,Gram-neg. inner
67,Q8KRV3,PDB IDs: 1yce,1yce,Gram-neg. inner
68,P43457,PDB IDs: 2bl2,2bl2,Gram-pos. inner
69,Q60175,PDB IDs: 1rh5,1rh5,Archaebac.
70,P01869,PDB IDs: 1ors,1ors,Archaebac.
71,P01865,PDB IDs: 1orq,1orq,Archaebac.
72,P02945,PDB IDs: 1m0l,1m0l,Archaebac.
73,P42196,PDB IDs: 1h2s,1h2s,Archaebac.
74,B0R2U4,PDB IDs: 1e12,1e12,Archaebac.
75,P69051,PDB IDs: 1uaz,1uaz,Archaebac.
76,P49728,PDB IDs: 1q90,1q90,Thylakoid
77,O00168,PDB IDs: 2jo1,2jo1,Eykaryo. plasma
78,P0A407,PDB IDs: 1jb0,1jb0,Thylakoid
79,P68530,PDB IDs: 2dyr,2dyr,Mitochon. inner
80,P60063,PDB IDs: 3l1l,3l1l,Gram-neg. inner
81,P13272,PDB IDs: 1l0l,1l0l,Mitochon. inner
82,P08525,PDB IDs: 3cx5,3cx5,Mitochon. inner
83,P02722,PDB IDs: 1okc,1okc,Mitochon. inner
84,P47865,PDB IDs: 1j4n,1j4n,Eykaryo. plasma
85,P06624,PDB IDs: 1ymg,1ymg,Eykaryo. plasma
86,P02724,PDB IDs: 1afo,1afo,Eykaryo. plasma
87,P04191,PDB IDs: 3ar2,3ar2,Endoplasm. reticulum
88,P08842,PDB IDs: 1p49,1p49,Endoplasm. reticulum
91,O14684,PDB IDs: 4yl3,4yl3,Endoplasm. reticulum
94,P26678,PDB IDs: 1zll,1zll,Endoplasm. reticulum
95,P13738,PDB IDs: 1zcd,1zcd,Gram-neg. inner
96,P62483,PDB IDs: 2a79,2a79,Eykaryo. plasma
98,Q0QF01,PDB IDs: 1zoy,1zoy,Mitochon. inner
99,P29972,PDB IDs: 1h6i,1h6i,Eykaryo. plasma
100,P09169,PDB IDs: 1i78,1i78,Gram-neg. outer
101,O29285,PDB IDs: 2b2f,2b2f,Archaebac.
102,P29563,PDB IDs: 1vgo,1vgo,Archaebac.
103,P42512,PDB IDs: 1xkw,1xkw,Gram-neg. outer
104,P02932,PDB IDs: 1pho,1pho,Gram-neg. outer
105,P22483,PDB IDs: 2x2v,2x2v,Gram-pos. inner
106,Q9YDF8,PDB IDs: 2a0l,2a0l,Archaebac.
107,Q9C4Z5,PDB IDs: 2f2b,2f2b,Archaebac.
108,P00845,PDB IDs: 1wu0,1wu0,Gram-pos. inner
110,Q9WZ31,PDB IDs: 2bbj,2bbj,Gram-neg. inner
111,P21396,PDB IDs: 1o5w,1o5w,Mitochon. outer
116,P02974,PDB IDs: 2pil,2pil,Gram-neg. inner
117,Q41372,PDB IDs: 1z98,1z98,Eykaryo. plasma
119,Q9YHT1,PDB IDs: 2h88,2h88,Mitochon. inner
120,P17413,PDB IDs: 2bs2,2bs2,Gram-neg. inner
121,P31356,PDB IDs: 2z73,2z73,Eykaryo. plasma
122,Q8II36,PDB IDs: 3c02,3c02,Eykaryo. plasma
123,P0A915,PDB IDs: 2f1v,2f1v,Gram-neg. outer
124,P47863,PDB IDs: 2d57,2d57,Eykaryo. plasma
125,Q81HW2,PDB IDs: 2ahy,2ahy,Gram-pos. inner
133,P04695,PDB IDs: 2x72,2x72,Eykaryo. plasma
135,P04626,PDB IDs: 2ks1,2ks1,Eykaryo. plasma
138,P61015,PDB IDs: 2kb7,2kb7,Endoplasm. reticulum
139,P08514,PDB IDs: 2k1a,2k1a,Eykaryo. plasma
140,P05106,PDB IDs: 2rmz,2rmz,Eykaryo. plasma
141,Q12983,PDB IDs: 2ka2,2ka2,Mitochon. outer
142,Q5ZWR1,PDB IDs: 3rfu,3rfu,Gram-neg. inner
143,Q99380,PDB IDs: 1rkl,1rkl,Endoplasm. reticulum
144,P0C6T2,PDB IDs: 2lat,2lat,Endoplasm. reticulum
145,P0A334,PDB IDs: 3pjs,3pjs,Gram-pos. inner
146,G1K3Q0,PDB IDs: 3am6,3am6,Eykaryo. plasma
147,P37001,PDB IDs: 3gp6,3gp6,Gram-neg. outer
148,P17787,PDB IDs: 2ksr,2ksr,Eykaryo. plasma
149,P68806,PDB IDs: 3hzq,3hzq,Gram-pos. inner
152,O43914,PDB IDs: 2l34,2l34,Eykaryo. plasma
153,P0AGM7,PDB IDs: 3qe7,3qe7,Gram-neg. inner
154,A9A677,PDB IDs: 3s0x,3s0x,Archaebac.
155,P07550,PDB IDs: 3sn6,3sn6,Eykaryo. plasma
156,P18895,PDB IDs: 3rbh,3rbh,Gram-neg. outer
158,P11169,PDB IDs: 4zwc,4zwc,Eykaryo. plasma
160,Q9B6E9,PDB IDs: 4wz7,4wz7,Mitochon. inner
162,P08191,PDB IDs: 4j3o,4j3o,Gram-neg. outer
163,Q8U2X0,PDB IDs: 3wbn,3wbn,Archaebac.
165,P61829,PDB IDs: 2xok,2xok,Mitochon. inner
166,O28846,PDB IDs: 3ne2,3ne2,Archaebac.
167,P38054,PDB IDs: 3k07,3k07,Gram-neg. inner
170,Q99T13,PDB IDs: 2hyd,2hyd,Gram-pos. inner
175,A0A2R9TD79,PDB IDs: 4w6v,4w6v,Gram-neg. inner
178,Q9HVD1,PDB IDs: 2erv,2erv,Gram-neg. outer
180,P70406,PDB IDs: 2lck,2lck,Mitochon. inner
181,C5W716,PDB IDs: 3rko,3rko,Gram-neg. inner
183,Q15303,PDB IDs: 2l2t,2l2t,Eykaryo. plasma
186,O29777,PDB IDs: 3j08,3j08,Archaebac.
187,P29274,PDB IDs: 3pwh,3pwh,Eykaryo. plasma
188,Q51486,PDB IDs: 2lhf,2lhf,Gram-neg. outer
189,P31442,PDB IDs: 2gfp,2gfp,Gram-neg. inner
190,Q16873,PDB IDs: 2uuh,2uuh,Endoplasm. reticulum
191,Q48152,PDB IDs: 2gr7,2gr7,Gram-neg. outer
192,P07371,PDB IDs: 2bhw,2bhw,Thylakoid
193,O30144,PDB IDs: 2onk,2onk,Archaebac.
194,P02929,PDB IDs: 2grx,2grx,Gram-neg. outer
196,P76045,PDB IDs: 2iwv,2iwv,Gram-neg. outer
197,P06996,PDB IDs: 2j1n,2j1n,Gram-neg. outer
198,P31224,PDB IDs: 2gif,2gif,Gram-neg. inner
199,P02916,PDB IDs: 3puw,3puw,Gram-neg. inner
201,P20963,PDB IDs: 2hac,2hac,Eykaryo. plasma
202,P44783,PDB IDs: 2nr9,2nr9,Gram-neg. inner
203,E0SJQ4,PDB IDs: 3rqw,3rqw,Gram-neg. inner
205,P0AEG4,PDB IDs: 2hi7,2hi7,Gram-neg. inner
206,Q5QF96,PDB IDs: 4ezc,4ezc,Eykaryo. plasma
207,P42866,PDB IDs: 4dkl,4dkl,Eykaryo. plasma
208,Q72EF4,PDB IDs: 2j7a,2j7a,Gram-neg. inner
209,Q57130,PDB IDs: 2nq2,2nq2,Gram-neg. inner
210,P05695,PDB IDs: 2o4v,2o4v,Gram-neg. outer
211,O59010,PDB IDs: 2nwl,2nwl,Archaebac.
212,P08011,PDB IDs: 2h8a,2h8a,Endoplasm. reticulum
213,P17315,PDB IDs: 2hdi,2hdi,Gram-neg. outer
214,P83794,PDB IDs: 2e74,2e74,Thylakoid
215,P20292,PDB IDs: 2q7r,2q7r,Endoplasm. reticulum
216,Q05085,PDB IDs: 5a2n,5a2n,Eykaryo. plasma
217,Q5SMG8,PDB IDs: 2yvx,2yvx,Gram-neg. inner
218,Q1XA76,PDB IDs: 2qts,2qts,Eykaryo. plasma
219,P32722,PDB IDs: 2odj,2odj,Gram-neg. outer
221,P69380,PDB IDs: 2qfi,2qfi,Gram-neg. inner
222,Q7BSW5,PDB IDs: 2qom,2qom,Gram-neg. outer
224,P63359,PDB IDs: 3b60,3b60,Gram-neg. inner
225,P05027,PDB IDs: 3b8e,3b8e,Eykaryo. plasma
226,P19456,PDB IDs: 5ksd,5ksd,Eykaryo. plasma
227,Q98GN8,PDB IDs: 3beh,3beh,Gram-neg. inner
228,Q57837,PDB IDs: 3b4r,3b4r,Archaebac.
230,P0C7B7,PDB IDs: 2vl0,2vl0,Gram-neg. inner
231,P21397,PDB IDs: 2z5x,2z5x,Mitochon. outer
232,Q9RBW8,PDB IDs: 3bry,3bry,Gram-neg. outer
233,A5W4F4,PDB IDs: 3bs0,3bs0,Gram-neg. outer
234,Q9HUR5,PDB IDs: 2qtk,2qtk,Gram-neg. outer
235,Q9KX50,PDB IDs: 3chx,3chx,Gram-neg. inner
236,P21796,PDB IDs: 2k4t,2k4t,Mitochon. outer
237,P21709,PDB IDs: 2k1k,2k1k,Eykaryo. plasma
238,P55064,PDB IDs: 3d9s,3d9s,Eykaryo. plasma
241,P35874,PDB IDs: 3din,3din,Gram-neg. inner
242,P0A6M2,PDB IDs: 2k74,2k74,Gram-neg. inner
244,Q2S2F8,PDB IDs: 3ddl,3ddl,Gram-neg. inner
246,Q7NDN8,PDB IDs: 4hfi,4hfi,Gram-neg. inner
247,D6R8X8,PDB IDs: 2jln,2jln,Gram-pos. inner
248,Q87TN7,PDB IDs: 4j9u,4j9u,Gram-neg. inner
249,P96169,PDB IDs: 3dh4,3dh4,Gram-neg. inner
250,Q9HVJ6,PDB IDs: 3dwo,3dwo,Gram-neg. outer
251,Q60932,PDB IDs: 3emn,3emn,Mitochon. outer
252,Q72JD8,PDB IDs: 3dzm,3dzm,Gram-neg. outer
253,P24017,PDB IDs: 2k0l,2k0l,Gram-neg. outer
254,Q54450,PDB IDs: 3csl,3csl,Gram-neg. outer
255,Q93SW9,PDB IDs: 4ogq,4ogq,Thylakoid
256,Q8ZPT3,PDB IDs: 3fid,3fid,Gram-neg. outer
257,P37028,PDB IDs: 2qi9,2qi9,Gram-neg. inner
259,P21447,PDB IDs: 3g5u,3g5u,Eykaryo. plasma
260,P30750,PDB IDs: 3tui,3tui,Gram-neg. inner
261,Q9X6A5,PDB IDs: 3efm,3efm,Gram-neg. outer
262,P55087,PDB IDs: 3gd8,3gd8,Eykaryo. plasma
263,P63250,PDB IDs: 2qks,2qks,Gram-neg. inner
264,P29033,PDB IDs: 2zw3,2zw3,Eykaryo. plasma
266,Q4H132,PDB IDs: 2zxe,2zxe,Eykaryo. plasma
267,D6VTK4,PDB IDs: 2k9p,2k9p,Eykaryo. plasma
268,P52002,PDB IDs: 3w9i,3w9i,Gram-neg. inner
269,P69447,PDB IDs: 2w5j,2w5j,Thylakoid
273,P0DP23,PDB IDs: 5k7l,5k7l,Eykaryo. plasma
274,F2QVG4,PDB IDs: 2w2e,2w2e,Eykaryo. plasma
278,P0ABN1,PDB IDs: 2kdc,2kdc,Gram-neg. inner
279,P72412,PDB IDs: 3fhh,3fhh,Gram-neg. outer
282,P32851,PDB IDs: 3hd7,3hd7,Eykaryo. plasma
284,F8W463,PDB IDs: 3h9v,3h9v,Eykaryo. plasma
285,P29317,PDB IDs: 2k9y,2k9y,Eykaryo. plasma
286,Q58026,PDB IDs: 3gia,3gia,Archaebac.
290,Q63113,PDB IDs: 2jp3,2jp3,Eykaryo. plasma
291,Q82X47,PDB IDs: 3b9y,3b9y,Gram-neg. inner
292,Q9UBD6,PDB IDs: 3hd6,3hd6,Eykaryo. plasma
294,P69856,PDB IDs: 2wjr,2wjr,Gram-neg. outer
295,P01730,PDB IDs: 2klu,2klu,Eykaryo. plasma
299,Q4KH25,PDB IDs: 3jty,3jty,Gram-neg. outer
302,Q9KRE7,PDB IDs: 3kly,3kly,Gram-neg. inner
303,P0AC25,PDB IDs: 3kcu,3kcu,Gram-neg. inner
304,Q72CX3,PDB IDs: 3k3f,3k3f,Gram-neg. inner
305,P19491,PDB IDs: 3kg2,3kg2,Eykaryo. plasma
306,Q5ZLR5,PDB IDs: 3tgu,3tgu,Mitochon. inner
307,P0CY48,PDB IDs: 1zrt,1zrt,Gram-neg. inner
308,O33407,PDB IDs: 3kvn,3kvn,Gram-neg. outer
309,Q2JJF6,PDB IDs: 4nv6,4nv6,Gram-neg. inner
310,Q8UJW4,PDB IDs: 3llq,3llq,Gram-neg. inner
311,P21865,PDB IDs: 2ksf,2ksf,Gram-neg. inner
312,P0AEC3,PDB IDs: 2ksd,2ksd,Gram-neg. inner
313,P40719,PDB IDs: 2kse,2kse,Gram-neg. inner
314,P31553,PDB IDs: 3hfx,3hfx,Gram-neg. inner
315,Q5RT80,PDB IDs: 3a2s,3a2s,Gram-neg. outer
316,P05740,PDB IDs: 2wwb,2wwb,Endoplasm. reticulum
317,Q9X1B7,PDB IDs: 4q2e,4q2e,Gram-neg. inner
318,D9N164,PDB IDs: 2wlk,2wlk,Gram-neg. inner
319,P44741,PDB IDs: 3m73,3m73,Gram-neg. inner
320,O88093,PDB IDs: 3aeh,3aeh,Gram-neg. outer
322,Q56446,PDB IDs: 2lj2,2lj2,Gram-neg. inner
323,O27564,PDB IDs: 3ldc,3ldc,Archaebac.
324,D9IA43,PDB IDs: 3mk7,3mk7,Gram-neg. inner
325,P11551,PDB IDs: 3o7q,3o7q,Gram-neg. inner
326,B4EY22,PDB IDs: 2wsw,2wsw,Gram-neg. inner
327,P09391,PDB IDs: 2xow,2xow,Gram-neg. inner
328,Q8U019,PDB IDs: 3mp7,3mp7,Archaebac.
329,P61073,PDB IDs: 3oe6,3oe6,Eykaryo. plasma
330,P35462,PDB IDs: 3pbl,3pbl,Eykaryo. plasma
331,P73745,PDB IDs: 3nd0,3nd0,Gram-neg. inner
332,E5QVT2,PDB IDs: 3p5n,3p5n,Gram-pos. inner
335,Q59647,PDB IDs: 3wfd,3wfd,Gram-neg. inner
336,Q9HWW1,PDB IDs: 2x27,2x27,Gram-neg. outer
337,Q8EKT7,PDB IDs: 2xut,2xut,Gram-neg. inner
338,P07700,PDB IDs: 2y02,2y02,Eykaryo. plasma
339,P18434,PDB IDs: 2xzb,2xzb,Eykaryo. plasma
340,P77211,PDB IDs: 3pik,3pik,Gram-neg. outer
341,P60061,PDB IDs: 3ob6,3ob6,Gram-neg. inner
342,Q9RLG7,PDB IDs: 2kv5,2kv5,Gram-pos. inner
343,P07038,PDB IDs: 1mhs,1mhs,Eykaryo. plasma
344,P02947,PDB IDs: 1xrd,1xrd,Thylakoid
345,P54582,PDB IDs: 2wit,2wit,Gram-pos. inner
346,P77239,PDB IDs: 3ne5,3ne5,Gram-neg. inner
347,Q72XQ0,PDB IDs: 3qnq,3qnq,Gram-pos. inner
348,Q45340,PDB IDs: 3qq2,3qq2,Gram-neg. outer
351,P02973,PDB IDs: 1oqw,1oqw,Gram-neg. inner
352,P61013,PDB IDs: 1fjk,1fjk,Endoplasm. reticulum
354,P02647,PDB IDs: 4v6m,4v6m,Gram-neg. inner
360,Q7CQU0,PDB IDs: 3q7k,3q7k,Gram-neg. inner
361,Q5SKE6,PDB IDs: 3aqp,3aqp,Gram-neg. inner
362,P21860,PDB IDs: 2l9u,2l9u,Eykaryo. plasma
363,Q02762,PDB IDs: 2qjy,2qjy,Gram-neg. inner
364,G5EBR3,PDB IDs: 3rhw,3rhw,Eykaryo. plasma
365,P30130,PDB IDs: 3ohn,3ohn,Gram-neg. outer
366,B9KDD4,PDB IDs: 3rce,3rce,Gram-neg. inner
367,P35367,PDB IDs: 3rze,3rze,Eykaryo. plasma
368,A8EVM5,PDB IDs: 3rvy,3rvy,Gram-neg. inner
369,P37432,PDB IDs: 3nsg,3nsg,Gram-neg. outer
370,Q9NRK6,PDB IDs: 4ayt,4ayt,Mitochon. inner
377,Q9K0A9,PDB IDs: 3zuy,3zuy,Gram-neg. inner
378,O31467,PDB IDs: 2l16,2l16,Gram-pos. inner
381,P06494,PDB IDs: 1iij,1iij,Eykaryo. plasma
382,P13402,PDB IDs: 2ita,2ita,Gram-neg. inner
383,Q2RQ23,PDB IDs: 1wrg,1wrg,Thylakoid
384,P0C0Y1,PDB IDs: 1jo5,1jo5,Thylakoid
387,P48542,PDB IDs: 3sya,3sya,Eykaryo. plasma
388,P05417,PDB IDs: 2yiu,2yiu,Gram-neg. inner
389,Q9F7P4,PDB IDs: 2l6x,2l6x,Gram-neg. inner
390,Q5QUJ8,PDB IDs: 3tx3,3tx3,Gram-neg. inner
397,Q8D0Z7,PDB IDs: 3qra,3qra,Gram-neg. outer
398,C5I2D9,PDB IDs: 3qlb,3qlb,Gram-neg. outer
402,Q9HWP4,PDB IDs: 2y0h,2y0h,Gram-neg. outer
403,Q9I202,PDB IDs: 2y0k,2y0k,Gram-neg. outer
404,Q9I5H4,PDB IDs: 2y0l,2y0l,Gram-neg. outer
406,Q8TMG0,PDB IDs: 4a2n,4a2n,Archaebac.
408,Q8RUT8,PDB IDs: 3ug9,3ug9,Eykaryo. plasma
410,P63045,PDB IDs: 2kog,2kog,Eykaryo. plasma
417,Q9H3H5,PDB IDs: 5o5e,5o5e,Endoplasm. reticulum
426,P02975,PDB IDs: 3sok,3sok,Gram-neg. inner
429,Q8Y5K1,PDB IDs: 4h33,4h33,Gram-pos. inner
430,P60932,PDB IDs: 6cb2,6cb2,Gram-neg. inner
441,P21616,PDB IDs: 4a01,4a01,Vacuole
442,Q659I5,PDB IDs: 5ldv,5ldv,Gram-neg. outer
446,Q186B7,PDB IDs: 3tds,3tds,Gram-pos. inner
449,P56199,PDB IDs: 2l8s,2l8s,Eykaryo. plasma
450,Q9I6X0,PDB IDs: 3sy9,3sy9,Gram-neg. outer
451,Q9HVS0,PDB IDs: 3syb,3syb,Gram-neg. outer
452,Q9I6P8,PDB IDs: 3szd,3szd,Gram-neg. outer
453,Q9HZH0,PDB IDs: 3t24,3t24,Gram-neg. outer
455,P08172,PDB IDs: 3uon,3uon,Eykaryo. plasma
456,B3Y963,PDB IDs: 3ayf,3ayf,Gram-pos. inner
457,Q9NYG8,PDB IDs: 3um7,3um7,Eykaryo. plasma
458,O00180,PDB IDs: 3ukm,3ukm,Eykaryo. plasma
459,P21453,PDB IDs: 3v2y,3v2y,Eykaryo. plasma
460,P02787,PDB IDs: 3v89,3v89,Gram-neg. outer
461,Q57556,PDB IDs: 3v5u,3v5u,Archaebac.
462,P08483,PDB IDs: 4daj,4daj,Eykaryo. plasma
463,Q9KPL5,PDB IDs: 3tij,3tij,Gram-neg. inner
465,P63235,PDB IDs: 4dji,4dji,Gram-neg. inner
466,P41145,PDB IDs: 4djh,4djh,Eykaryo. plasma
467,Q0VCY0,PDB IDs: 3tlm,3tlm,Endoplasm. reticulum
468,P43681,PDB IDs: 2lly,2lly,Eykaryo. plasma
469,Q9WYC4,PDB IDs: 3qf4,3qf4,Gram-neg. inner
470,Q99T05,PDB IDs: 3vmt,3vmt,Gram-pos. inner
472,P41146,PDB IDs: 4ea3,4ea3,Eykaryo. plasma
473,A9VEV6,PDB IDs: 3vou,3vou,Gram-neg. inner
474,P32300,PDB IDs: 4ej4,4ej4,Eykaryo. plasma
475,P98005,PDB IDs: 2yev,2yev,Gram-neg. inner
476,Q9Y6G1,PDB IDs: 2lop,2lop,Mitochon. inner
478,Q9Y241,PDB IDs: 2lom,2lom,Mitochon. inner
479,Q9P298,PDB IDs: 2lon,2lon,Mitochon. inner
480,Q9P0S9,PDB IDs: 2los,2los,Mitochon. inner
481,P09619,PDB IDs: 2l6w,2l6w,Eykaryo. plasma
483,P43261,PDB IDs: 4e1s,4e1s,Gram-neg. outer
484,P11922,PDB IDs: 4e1t,4e1t,Gram-neg. outer
485,P46359,PDB IDs: 4epa,4epa,Gram-neg. outer
486,P92506,PDB IDs: 4ysx,4ysx,Mitochon. inner
487,Q9S7N7,PDB IDs: 5l8r,5l8r,Thylakoid
488,Q5SJ79,PDB IDs: 3s8g,3s8g,Gram-neg. inner
489,O75844,PDB IDs: 4aw6,4aw6,Endoplasm. reticulum
490,Q9S5X0,PDB IDs: 4av3,4av3,Gram-neg. inner
492,A2RMJ9,PDB IDs: 4dve,4dve,Gram-pos. inner
493,P07251,PDB IDs: 4b2q,4b2q,Mitochon. inner
494,P34712,PDB IDs: 4f4c,4f4c,Eykaryo. plasma
495,P08212,PDB IDs: 3v3c,3v3c,Thylakoid
496,A0L5S6,PDB IDs: 4f4l,4f4l,Gram-neg. inner
497,Q8E919,PDB IDs: 3j1z,3j1z,Gram-neg. inner
498,Q51056,PDB IDs: 4aui,4aui,Gram-neg. outer
499,P32842,PDB IDs: 5tj5,5tj5,Vacuole
500,P0AGF4,PDB IDs: 4gc0,4gc0,Gram-neg. inner
501,P20789,PDB IDs: 4grv,4grv,Eykaryo. plasma
502,P25024,PDB IDs: 2lnl,2lnl,Eykaryo. plasma
503,A5VZA8,PDB IDs: 4gey,4gey,Gram-neg. outer
504,Q9KNE0,PDB IDs: 5uld,5uld,Gram-neg. inner
505,P75830,PDB IDs: 5nik,5nik,Gram-neg. inner
506,Q8R6L9,PDB IDs: 3t9n,3t9n,Gram-pos. inner
507,Q58439,PDB IDs: 4ev6,4ev6,Archaebac.
508,A1JUB7,PDB IDs: 2lme,2lme,Gram-neg. outer
509,E8XEH9,PDB IDs: 4fc4,4fc4,Gram-neg. inner
510,Q9U6B8,PDB IDs: 4hkr,4hkr,Eykaryo. plasma
511,P0A264,PDB IDs: 3upg,3upg,Gram-neg. outer
512,O06796,PDB IDs: 2k3m,2k3m,Gram-pos. inner
513,O67305,PDB IDs: 4b4a,4b4a,Gram-neg. inner
514,P25116,PDB IDs: 3vw7,3vw7,Eykaryo. plasma
516,Q56993,PDB IDs: 4g1u,4g1u,Gram-neg. inner
517,A3CWV0,PDB IDs: 4hyg,4hyg,Archaebac.
518,P56874,PDB IDs: 3ux4,3ux4,Gram-neg. inner
519,Q3J125,PDB IDs: 4hg6,4hg6,Gram-neg. inner
521,Q74FS9,PDB IDs: 4gx0,4gx0,Gram-neg. inner
522,P69739,PDB IDs: 4gd3,4gd3,Gram-neg. inner
524,Q51162,PDB IDs: 4aip,4aip,Gram-neg. outer
525,M1E1G6,PDB IDs: 4hum,4hum,Gram-neg. inner
527,T0DVE4,PDB IDs: 4hw9,4hw9,Gram-neg. inner
528,M4GGS2,PDB IDs: 4il3,4il3,Endoplasm. reticulum
529,Q9AE79,PDB IDs: 2vdf,2vdf,Gram-neg. outer
530,P35077,PDB IDs: 3njt,3njt,Gram-neg. outer
532,P41595,PDB IDs: 4ib4,4ib4,Eykaryo. plasma
533,P28222,PDB IDs: 4iar,4iar,Eykaryo. plasma
534,P00125,PDB IDs: 3bcc,3bcc,Mitochon. inner
535,P38383,PDB IDs: 2zqp,2zqp,Gram-neg. inner
536,P69428,PDB IDs: 2lzr,2lzr,Gram-neg. inner
537,Q9KQW9,PDB IDs: 3b5x,3b5x,Gram-neg. inner
541,P37758,PDB IDs: 4iu9,4iu9,Gram-neg. inner
542,O32080,PDB IDs: 4j7c,4j7c,Gram-pos. inner
543,Q03PY6,PDB IDs: 4hzu,4hzu,Gram-pos. inner
544,Q03PY5,PDB IDs: 4huq,4huq,Gram-pos. inner
546,Q99835,PDB IDs: 4jkv,4jkv,Eykaryo. plasma
547,I4DST7,PDB IDs: 4fbz,4fbz,Archaebac.
548,Q9AFF7,PDB IDs: 4knf,4knf,Gram-neg. inner
549,Q4PP54,PDB IDs: 4jq6,4jq6,Gram-neg. inner
550,Q99385,PDB IDs: 4k1c,4k1c,Vacuole
551,P10903,PDB IDs: 4jr9,4jr9,Gram-neg. inner
552,Q8GNN6,PDB IDs: 2ynk,2ynk,Gram-neg. outer
553,Q8RGD7,PDB IDs: 3zk1,3zk1,Gram-neg. inner
554,P59768,PDB IDs: 4kfm,4kfm,Eykaryo. plasma
555,P15647,PDB IDs: 3vvk,3vvk,Archaebac.
556,O29988,PDB IDs: 4kpp,4kpp,Archaebac.
557,O34840,PDB IDs: 4kjs,4kjs,Gram-pos. inner
558,Q934G3,PDB IDs: 4fqe,4fqe,Gram-neg. outer
559,Q8EHE6,PDB IDs: 4lep,4lep,Gram-neg. inner
560,Q5KYD1,PDB IDs: 4ikv,4ikv,Gram-pos. inner
561,B1YFV8,PDB IDs: 4hyj,4hyj,Gram-pos. inner
562,P34998,PDB IDs: 4k5y,4k5y,Eykaryo. plasma
565,P47871,PDB IDs: 4l6r,4l6r,Eykaryo. plasma
566,Q9I1Q4,PDB IDs: 4ft6,4ft6,Gram-neg. outer
567,Q9I4U9,PDB IDs: 4frt,4frt,Gram-neg. outer
568,G3XDA5,PDB IDs: 4frx,4frx,Gram-neg. outer
569,Q9HWK2,PDB IDs: 4fso,4fso,Gram-neg. outer
570,Q9HY38,PDB IDs: 4fsp,4fsp,Gram-neg. outer
571,P57789,PDB IDs: 4bw5,4bw5,Eykaryo. plasma
573,F5L478,PDB IDs: 4bgn,4bgn,Gram-pos. inner
574,Q93PM2,PDB IDs: 4k3c,4k3c,Gram-neg. outer
575,Q5F5W8,PDB IDs: 4k3b,4k3b,Gram-neg. outer
576,Q9WLK8,PDB IDs: 3zd0,3zd0,Endoplasm. reticulum
577,O66465,PDB IDs: 4j72,4j72,Gram-neg. inner
578,Q5JID0,PDB IDs: 5dwy,5dwy,Archaebac.
579,P51681,PDB IDs: 4mbs,4mbs,Eykaryo. plasma
580,Q72IM4,PDB IDs: 4bwz,4bwz,Gram-neg. inner
581,Q7K4Y6,PDB IDs: 4m48,4m48,Eykaryo. plasma
582,P0ADE4,PDB IDs: 4c00,4c00,Gram-neg. outer
583,P22607,PDB IDs: 2lzl,2lzl,Eykaryo. plasma
584,A0A0H2VG78,PDB IDs: 4lds,4lds,Gram-pos. inner
585,Q1LCD8,PDB IDs: 4k0e,4k0e,Gram-neg. inner
586,Q0ABW0,PDB IDs: 5hk7,5hk7,Gram-neg. inner
587,P0ADZ0,PDB IDs: 3j45,3j45,Gram-neg. inner
588,Q9KAX3,PDB IDs: 4lz6,4lz6,Gram-pos. inner
589,B0LJC7,PDB IDs: 2mc7,2mc7,Gram-neg. inner
590,O29867,PDB IDs: 3waj,3waj,Archaebac.
591,Q6LZY8,PDB IDs: 4cad,4cad,Archaebac.
592,P36544,PDB IDs: 2maw,2maw,Eykaryo. plasma
594,O35433,PDB IDs: 3j5p,3j5p,Eykaryo. plasma
595,P41143,PDB IDs: 4n6h,4n6h,Eykaryo. plasma
596,P30690,PDB IDs: 3wi4,3wi4,Gram-neg. outer
597,P18239,PDB IDs: 4c9g,4c9g,Mitochon. inner
598,P18238,PDB IDs: 4c9q,4c9q,Mitochon. inner
599,P30878,PDB IDs: 4m64,4m64,Gram-neg. inner
600,P20701,PDB IDs: 2m3e,2m3e,Eykaryo. plasma
601,A6ZSR0,PDB IDs: 4wmz,4wmz,Endoplasm. reticulum
602,P38377,PDB IDs: 4cg5,4cg5,Endoplasm. reticulum
603,P32422,PDB IDs: 4kt0,4kt0,Thylakoid
604,F6XHE4,PDB IDs: 4g80,4g80,Eykaryo. plasma
606,O39928,PDB IDs: 2m6x,2m6x,Endoplasm. reticulum
607,Q3U2S8,PDB IDs: 3wkv,3wkv,Eykaryo. plasma
608,P35968,PDB IDs: 2m59,2m59,Eykaryo. plasma
609,Q13255,PDB IDs: 4or2,4or2,Eykaryo. plasma
610,Q9YBM8,PDB IDs: 4od5,4od5,Archaebac.
611,Q2G506,PDB IDs: 4mrs,4mrs,Gram-neg. inner
612,Q8AWD0,PDB IDs: 4bum,4bum,Mitochon. outer
613,Q9H244,PDB IDs: 4ntj,4ntj,Eykaryo. plasma
614,P94854,PDB IDs: 4jr8,4jr8,Archaebac.
615,H6LFT2,PDB IDs: 4bem,4bem,Gram-pos. inner
616,P40416,PDB IDs: 4myc,4myc,Mitochon. inner
617,Q8R9C0,PDB IDs: 4m58,4m58,Gram-pos. inner
619,P50637,PDB IDs: 2mgy,2mgy,Mitochon. outer
620,P06213,PDB IDs: 2mfr,2mfr,Eykaryo. plasma
622,M1VAN7,PDB IDs: 3wme,3wme,Eykaryo. plasma
623,P0A940,PDB IDs: 4n75,4n75,Gram-neg. outer
624,P41181,PDB IDs: 4nef,4nef,Eykaryo. plasma
625,Q9KDP2,PDB IDs: 3wo7,3wo7,Gram-pos. inner
626,Q9Y6J6,PDB IDs: 2m0q,2m0q,Eykaryo. plasma
628,A0A0D8VEJ4,PDB IDs: 2mi2,2mi2,Gram-neg. inner
630,O27985,PDB IDs: 4o6m,4o6m,Archaebac.
631,Q9Z0S5,PDB IDs: 4p79,4p79,Eykaryo. plasma
632,Q03155,PDB IDs: 4mee,4mee,Gram-neg. outer
633,O31539,PDB IDs: 4pgr,4pgr,Gram-pos. inner
634,P0A924,PDB IDs: 5jwy,5jwy,Gram-neg. inner
635,P11166,PDB IDs: 5eqg,5eqg,Eykaryo. plasma
636,Q72GS0,PDB IDs: 4o9p,4o9p,Gram-neg. inner
637,Q9X2W0,PDB IDs: 4pl0,4pl0,Gram-neg. inner
638,P55734,PDB IDs: 2mpn,2mpn,Gram-neg. inner
639,Q04884,PDB IDs: 2mlh,2mlh,Gram-neg. outer
640,Q83LX4,PDB IDs: 4q35,4q35,Gram-neg. outer
641,Q8ZQZ7,PDB IDs: 4n4r,4n4r,Gram-neg. outer
642,A0A0B8R2U7,PDB IDs: 4tkr,4tkr,Gram-pos. inner
643,Q5M4H8,PDB IDs: 4aps,4aps,Gram-pos. inner
644,P28472,PDB IDs: 4cof,4cof,Eykaryo. plasma
645,Q00960,PDB IDs: 4pe5,4pe5,Eykaryo. plasma
646,A0A1L8F5J9,PDB IDs: 4tlm,4tlm,Eykaryo. plasma
647,P00720,PDB IDs: 6ffi,6ffi,Eykaryo. plasma
648,O29976,PDB IDs: 4mnd,4mnd,Archaebac.
649,O28625,PDB IDs: 4tq4,4tq4,Archaebac.
650,O14842,PDB IDs: 4phu,4phu,Eykaryo. plasma
651,Q51006,PDB IDs: 4mt0,4mt0,Gram-neg. outer
652,P23979,PDB IDs: 4pir,4pir,Eykaryo. plasma
653,O95069,PDB IDs: 4twk,4twk,Eykaryo. plasma
654,P75742,PDB IDs: 4q65,4q65,Gram-neg. inner
655,Q3YW59,PDB IDs: 4umv,4umv,Gram-neg. inner
656,P0A387,PDB IDs: 3wu2,3wu2,Thylakoid
657,B0SR19,PDB IDs: 4qnc,4qnc,Gram-neg. inner
658,F9RBV9,PDB IDs: 4qnd,4qnd,Gram-neg. inner
660,P10614,PDB IDs: 5eqb,5eqb,Endoplasm. reticulum
661,Q8RTE3,PDB IDs: 4mt4,4mt4,Gram-neg. outer
662,Q9KDT3,PDB IDs: 4us3,4us3,Gram-pos. inner
663,P0AEA2,PDB IDs: 4uv3,4uv3,Gram-neg. outer
665,D2ZZC1,PDB IDs: 4qtn,4qtn,Gram-neg. inner
666,G4SW86,PDB IDs: 4quv,4quv,Gram-neg. inner
667,O92972,PDB IDs: 2mts,2mts,Endoplasm. reticulum
670,P0A444,PDB IDs: 6dhe,6dhe,Thylakoid
671,P13473,PDB IDs: 2mom,2mom,Lysosome
672,P0A7L8,PDB IDs: 4v7i,4v7i,Gram-neg. inner
675,C7Z7K1,PDB IDs: 4wis,4wis,Eykaryo. plasma
676,B5YGD6,PDB IDs: 4rng,4rng,Gram-neg. inner
678,Q60362,PDB IDs: 4czb,4czb,Archaebac.
679,P19235,PDB IDs: 2mv6,2mv6,Eykaryo. plasma
680,Q9UZ55,PDB IDs: 4cz8,4cz8,Archaebac.
681,A0A0F6C2F5,PDB IDs: 4q79,4q79,Gram-neg. outer
682,Q5UXY6,PDB IDs: 4pxk,4pxk,Archaebac.
683,P9WP57,PDB IDs: 2mmu,2mmu,Gram-pos. inner
685,O43614,PDB IDs: 5wqc,5wqc,Eykaryo. plasma
686,P07174,PDB IDs: 2mic,2mic,Eykaryo. plasma
687,Q60860,PDB IDs: 4ntf,4ntf,Endoplasm. reticulum
689,Q9ET38,PDB IDs: 3x29,3x29,Eykaryo. plasma
690,P0DMV3,PDB IDs: 4x5m,4x5m,Gram-neg. inner
691,Q81BL7,PDB IDs: 4ryi,4ryi,Gram-pos. inner
692,Q9RFC8,PDB IDs: 4uc1,4uc1,Gram-neg. inner
693,P78423,PDB IDs: 4xt3,4xt3,Eykaryo. plasma
694,P39301,PDB IDs: 4rp8,4rp8,Gram-neg. inner
699,P47900,PDB IDs: 4xnv,4xnv,Eykaryo. plasma
700,N0DKS8,PDB IDs: 4xtl,4xtl,Gram-neg. inner
701,Q9RNX2,PDB IDs: 4r1i,4r1i,Gram-neg. inner
702,O75762,PDB IDs: 3j9p,3j9p,Eykaryo. plasma
703,G3CEP6,PDB IDs: 5ax0,5ax0,Eykaryo. plasma
705,P30556,PDB IDs: 4yay,4yay,Eykaryo. plasma
706,Q0VR69,PDB IDs: 4r0c,4r0c,Gram-neg. inner
707,P13794,PDB IDs: 4rlc,4rlc,Gram-neg. outer
708,A6XB80,PDB IDs: 4rl9,4rl9,Gram-neg. outer
709,Q5DL42,PDB IDs: 4rlb,4rlb,Gram-neg. outer
710,Q8RCC3,PDB IDs: 4ymu,4ymu,Gram-pos. inner
711,P31412,PDB IDs: 3j9t,3j9t,Vacuole
712,Q92633,PDB IDs: 4z34,4z34,Eykaryo. plasma
713,Q48391,PDB IDs: 4d51,4d51,Gram-neg. outer
714,Q01667,PDB IDs: 4xk8,4xk8,Thylakoid
715,P49768,PDB IDs: 4uis,4uis,Eykaryo. plasma
716,O00767,PDB IDs: 4zyo,4zyo,Endoplasm. reticulum
725,Q9LT15,PDB IDs: 6h7d,6h7d,Eykaryo. plasma
726,A3DCU1,PDB IDs: 4ry2,4ry2,Gram-pos. inner
727,Q9KWT7,PDB IDs: 4tqu,4tqu,Gram-neg. inner
728,P08100,PDB IDs: 4zwj,4zwj,Eykaryo. plasma
729,Q18DH8,PDB IDs: 4qi1,4qi1,Archaebac.
730,Q03529,PDB IDs: 4zr1,4zr1,Endoplasm. reticulum
731,A5W3Z9,PDB IDs: 4rl8,4rl8,Gram-neg. outer
732,D0RMU8,PDB IDs: 4dxw,4dxw,Gram-neg. inner
733,Q02060,PDB IDs: 4ri2,4ri2,Thylakoid
734,Q0P9C4,PDB IDs: 5c78,5c78,Gram-neg. inner
735,P0AEY8,PDB IDs: 4zp0,4zp0,Gram-neg. inner
736,Q9JZN9,PDB IDs: 4rdr,4rdr,Gram-neg. outer
737,P31554,PDB IDs: 4rhb,4rhb,Gram-neg. outer
738,Q58584,PDB IDs: 4y7j,4y7j,Archaebac.
740,B7LI20,PDB IDs: 5a43,5a43,Gram-neg. inner
741,Q7VYU0,PDB IDs: 5a40,5a40,Gram-neg. inner
742,O93430,PDB IDs: 3jad,3jad,Eykaryo. plasma
743,Q1J2S8,PDB IDs: 5da0,5da0,Gram-neg. inner
748,G0LFX8,PDB IDs: 4wav,4wav,Archaebac.
749,O75311,PDB IDs: 5cfb,5cfb,Eykaryo. plasma
750,P58353,PDB IDs: 4yb9,4yb9,Eykaryo. plasma
751,P13516,PDB IDs: 4ymk,4ymk,Endoplasm. reticulum
752,Q837A3,PDB IDs: 4z7f,4z7f,Gram-pos. inner
753,A1T557,PDB IDs: 4xu4,4xu4,Gram-pos. inner
754,P43427,PDB IDs: 4ybq,4ybq,Eykaryo. plasma
755,P32977,PDB IDs: 4rjw,4rjw,Gram-neg. outer
756,Q5N8J1,PDB IDs: 5ctg,5ctg,Eykaryo. plasma
757,A1B8N8,PDB IDs: 5dn6,5dn6,Gram-neg. inner
758,A9WSF5,PDB IDs: 5d92,5d92,Gram-pos. inner
759,Q6MLJ0,PDB IDs: 5ayn,5ayn,Gram-neg. inner
760,Q9I527,PDB IDs: 5fp2,5fp2,Gram-neg. outer
761,Q94KI8,PDB IDs: 5dqq,5dqq,Vacuole
762,G1SNM3,PDB IDs: 5an8,5an8,Eykaryo. plasma
763,Q8VGC3,PDB IDs: 3jbr,3jbr,Eykaryo. plasma
764,A0A0X1KHE0,PDB IDs: 5bun,5bun,Gram-neg. outer
765,Q15858,PDB IDs: 5ek0,5ek0,Gram-neg. inner
766,Q55487,PDB IDs: 5eke,5eke,Gram-neg. inner
767,Q0P7K3,PDB IDs: 4z3n,4z3n,Gram-neg. inner
768,P01239,PDB IDs: 3jc2,3jc2,Endoplasm. reticulum
769,Q76FB0,PDB IDs: 4yuu,4yuu,Thylakoid
770,P41948,PDB IDs: 5aex,5aex,Eykaryo. plasma
771,Q59UP8,PDB IDs: 5af1,5af1,Eykaryo. plasma
772,Q5SIA2,PDB IDs: 5bz2,5bz2,Gram-neg. inner
773,P0A937,PDB IDs: 5ekq,5ekq,Gram-neg. outer
775,P25446,PDB IDs: 2na6,2na6,Eykaryo. plasma
776,P25445,PDB IDs: 2na7,2na7,Eykaryo. plasma
777,A0A0D5YKR4,PDB IDs: 5dl7,5dl7,Gram-neg. outer
778,A0A0D5YI36,PDB IDs: 5dl8,5dl8,Gram-neg. outer
782,P60955,PDB IDs: 5azb,5azb,Gram-neg. inner
783,Q1LDT6,PDB IDs: 5f15,5f15,Gram-neg. inner
785,P08173,PDB IDs: 5dsg,5dsg,Eykaryo. plasma
786,P11229,PDB IDs: 5cxv,5cxv,Eykaryo. plasma
787,O43613,PDB IDs: 4zjc,4zjc,Eykaryo. plasma
788,G3MM57,PDB IDs: 5f1c,5f1c,Eykaryo. plasma
789,Q08DA1,PDB IDs: 4xe5,4xe5,Eykaryo. plasma
790,Q9WUD2,PDB IDs: 5hi9,5hi9,Eykaryo. plasma
791,P69434,PDB IDs: 4y25,4y25,Gram-neg. outer
792,E3U904,PDB IDs: 5nxr,5nxr,Gram-neg. outer
793,E3U905,PDB IDs: 4d65,4d65,Gram-neg. outer
794,Q9HVM5,PDB IDs: 5dir,5dir,Gram-neg. inner
795,Q92542,PDB IDs: 2n7r,2n7r,Eykaryo. plasma
796,Q07307,PDB IDs: 5i6c,5i6c,Eykaryo. plasma
797,H9ZSC3,PDB IDs: 5azd,5azd,Gram-neg. inner
798,P31645,PDB IDs: 5i6x,5i6x,Eykaryo. plasma
800,Q99720,PDB IDs: 5hk1,5hk1,Endoplasm. reticulum
801,Q41951,PDB IDs: 5i32,5i32,Vacuole
802,Q1G930,PDB IDs: 5d0y,5d0y,Gram-pos. inner
803,Q1GBJ0,PDB IDs: 5d3m,5d3m,Gram-pos. inner
804,A4IKP6,PDB IDs: 5doq,5doq,Gram-pos. inner
805,Q9H221,PDB IDs: 5do7,5do7,Eykaryo. plasma
806,G3XCY8,PDB IDs: 5fok,5fok,Gram-neg. outer
807,D0CAH3,PDB IDs: 5fp1,5fp1,Gram-neg. outer
808,D0C8V9,PDB IDs: 5fr8,5fr8,Gram-neg. outer
809,C4T9I0,PDB IDs: 5iv9,5iv9,Gram-neg. outer
810,Q9I5U2,PDB IDs: 5iva,5iva,Gram-neg. outer
811,Q7CJV2,PDB IDs: 5ixm,5ixm,Gram-neg. outer
812,P16471,PDB IDs: 2n7i,2n7i,Eykaryo. plasma
813,O29205,PDB IDs: 2n4x,2n4x,Archaebac.
814,Q16A04,PDB IDs: 4xyd,4xyd,Gram-neg. inner
815,P06003,PDB IDs: 3jcu,3jcu,Thylakoid
816,P50859,PDB IDs: 5jlc,5jlc,Endoplasm. reticulum
817,Q63GK8,PDB IDs: 5iws,5iws,Gram-pos. inner
818,D7A5Q8,PDB IDs: 5i20,5i20,Gram-neg. inner
819,Q9R186,PDB IDs: 5iwk,5iwk,Eykaryo. plasma
820,Q9I0Y7,PDB IDs: 5azp,5azp,Gram-neg. outer
821,Q51397,PDB IDs: 5azs,5azs,Gram-neg. outer
822,Q9X1G6,PDB IDs: 5kbw,5kbw,Gram-neg. inner
823,P32927,PDB IDs: 2na8,2na8,Eykaryo. plasma
824,D5UM26,PDB IDs: 5cbg,5cbg,Gram-pos. inner
825,W8VZW3,PDB IDs: 5b2n,5b2n,Gram-neg. inner
827,O88602,PDB IDs: 5kbt,5kbt,Eykaryo. plasma
828,Q71RJ2,PDB IDs: 5kk2,5kk2,Eykaryo. plasma
829,Q6CFT7,PDB IDs: 5fl7,5fl7,Mitochon. inner
830,P0A314,PDB IDs: 5lcb,5lcb,Gram-neg. inner
832,A0A1C7D1B8,PDB IDs: 5sv9,5sv9,Eykaryo. plasma
833,Q93K99,PDB IDs: 5fvn,5fvn,Gram-neg. outer
835,Q13563,PDB IDs: 5t4d,5t4d,Eykaryo. plasma
836,F1RAX4,PDB IDs: 5sy1,5sy1,Eykaryo. plasma
838,Q6D8U4,PDB IDs: 4zgv,4zgv,Gram-neg. outer
840,P24530,PDB IDs: 5gli,5gli,Eykaryo. plasma
842,P25708,PDB IDs: 5ldw,5ldw,Mitochon. inner
848,P13806,PDB IDs: 5gjv,5gjv,Eykaryo. plasma
849,Q8VYR7,PDB IDs: 5l25,5l25,Eykaryo. plasma
850,Q9Y6H6,PDB IDs: 2ndj,2ndj,Eykaryo. plasma
851,P56373,PDB IDs: 5svj,5svj,Eykaryo. plasma
852,P0ABU7,PDB IDs: 5sv0,5sv0,Gram-neg. inner
854,O14493,PDB IDs: 5b2g,5b2g,Eykaryo. plasma
855,Q9NA73,PDB IDs: 5eik,5eik,Endoplasm. reticulum
856,Q9NA75,PDB IDs: 5egi,5egi,Endoplasm. reticulum
870,A0A1I9GEU1,PDB IDs: 5kua,5kua,Gram-neg. inner
874,P04629,PDB IDs: 2n90,2n90,Eykaryo. plasma
875,P60033,PDB IDs: 5tcx,5tcx,Eykaryo. plasma
876,B4EKB4,PDB IDs: 5b57,5b57,Gram-neg. inner
877,B4EKB3,PDB IDs: 5b58,5b58,Gram-neg. inner
878,Q9RTP8,PDB IDs: 5kte,5kte,Gram-neg. inner
879,P42026,PDB IDs: 5lnk,5lnk,Mitochon. inner
883,O34738,PDB IDs: 5edl,5edl,Gram-pos. inner
884,P42260,PDB IDs: 5kuf,5kuf,Eykaryo. plasma
885,P51686,PDB IDs: 5lwe,5lwe,Eykaryo. plasma
886,Q1LX78,PDB IDs: 5uar,5uar,Eykaryo. plasma
887,Q9U3N4,PDB IDs: 5h1r,5h1r,Eykaryo. plasma
888,Q5QJC5,PDB IDs: 5tj6,5tj6,Eykaryo. plasma
889,Q8A6W3,PDB IDs: 5t3r,5t3r,Gram-neg. outer
890,Q8A5H8,PDB IDs: 5fq6,5fq6,Gram-neg. outer
891,P13569,PDB IDs: 5uak,5uak,Eykaryo. plasma
892,P35672,PDB IDs: 5tcq,5tcq,Gram-neg. outer
894,E1B792,PDB IDs: 5tqq,5tqq,Eykaryo. plasma
895,G1M6C4,PDB IDs: 5u1x,5u1x,Eykaryo. plasma
896,P45758,PDB IDs: 5wq7,5wq7,Gram-neg. outer
897,P45779,PDB IDs: 5wq8,5wq8,Gram-neg. outer
898,P0AG99,PDB IDs: 5mg3,5mg3,Gram-neg. inner
899,B7IE18,PDB IDs: 5t77,5t77,Gram-neg. inner
900,Q03519,PDB IDs: 5u1d,5u1d,Endoplasm. reticulum
901,R0BTE9,PDB IDs: 5jnq,5jnq,Gram-pos. inner
902,Q981D4,PDB IDs: 5h35,5h35,Archaebac.
903,Q3HKN0,PDB IDs: 5h36,5h36,Gram-neg. inner
904,E4KPW4,PDB IDs: 5m87,5m87,Gram-pos. inner
905,Q8QFV0,PDB IDs: 5u70,5u70,Eykaryo. plasma
906,Q7DD94,PDB IDs: 5fgn,5fgn,Gram-neg. inner
908,O60741,PDB IDs: 5u6o,5u6o,Eykaryo. plasma
909,Q61743,PDB IDs: 5wua,5wua,Eykaryo. plasma
910,P70673,PDB IDs: 5twv,5twv,Eykaryo. plasma
911,Q72J05,PDB IDs: 5mkk,5mkk,Gram-neg. inner
912,Q8HXQ5,PDB IDs: 5uj9,5uj9,Eykaryo. plasma
913,O34349,PDB IDs: 6fmx,6fmx,Gram-pos. inner
914,P30542,PDB IDs: 5uen,5uen,Eykaryo. plasma
915,Q61009,PDB IDs: 5ktf,5ktf,Eykaryo. plasma
916,O67184,PDB IDs: 5l22,5l22,Gram-neg. inner
917,D0E0C2,PDB IDs: 5x0m,5x0m,Eykaryo. plasma
919,Q96A54,PDB IDs: 5lxg,5lxg,Eykaryo. plasma
920,Q86V24,PDB IDs: 5lwy,5lwy,Eykaryo. plasma
923,P50052,PDB IDs: 5unh,5unh,Eykaryo. plasma
924,Q9HXH5,PDB IDs: 5x5y,5x5y,Gram-neg. inner
925,D5AUZ9,PDB IDs: 5x3x,5x3x,Gram-neg. inner
926,G4CRQ5,PDB IDs: 5l24,5l24,Gram-neg. inner
927,Q15758,PDB IDs: 5llu,5llu,Eykaryo. plasma
928,A0A0Q0R232,PDB IDs: 5x41,5x41,Gram-neg. inner
929,P55085,PDB IDs: 5ndd,5ndd,Eykaryo. plasma
931,P46531,PDB IDs: 5kzo,5kzo,Eykaryo. plasma
932,P60624,PDB IDs: 5gae,5gae,Gram-neg. inner
934,Q9RTE3,PDB IDs: 5xam,5xam,Gram-neg. inner
935,Q9UNQ0,PDB IDs: 5nj3,5nj3,Eykaryo. plasma
936,P0DP24,PDB IDs: 5vms,5vms,Eykaryo. plasma
937,P27896,PDB IDs: 5iji,5iji,Gram-neg. inner
938,S5DM51,PDB IDs: 5jsi,5jsi,Gram-pos. inner
940,P03959,PDB IDs: 5mrw,5mrw,Gram-neg. inner
941,A0A0U3H1E6,PDB IDs: 5wud,5wud,Archaebac.
942,O95477,PDB IDs: 5xjy,5xjy,Eykaryo. plasma
943,P13501,PDB IDs: 5uiw,5uiw,Eykaryo. plasma
944,E0A9E1,PDB IDs: 5vkq,5vkq,Eykaryo. plasma
945,K9WT99,PDB IDs: 5o0t,5o0t,Gram-neg. inner
946,A0A0H3KP92,PDB IDs: 5khs,5khs,Gram-neg. inner
947,P31602,PDB IDs: 5xar,5xar,Gram-neg. inner
949,P0AGM8,PDB IDs: 5xls,5xls,Gram-neg. inner
950,P23930,PDB IDs: 5n6h,5n6h,Gram-neg. inner
951,Q9ZI86,PDB IDs: 5n6m,5n6m,Gram-neg. inner
952,Q8FJY4,PDB IDs: 5vrh,5vrh,Gram-neg. inner
953,P97438,PDB IDs: 6cq8,6cq8,Eykaryo. plasma
954,K9UJK2,PDB IDs: 5vre,5vre,Gram-neg. inner
957,P24474,PDB IDs: 5guw,5guw,Gram-neg. inner
958,Q8U4M3,PDB IDs: 5mlz,5mlz,Archaebac.
959,Q0PBE4,PDB IDs: 5lq3,5lq3,Gram-neg. inner
960,Q47UY7,PDB IDs: 5wuf,5wuf,Gram-neg. inner
961,P02719,PDB IDs: 5xsy,5xsy,Eykaryo. plasma
962,P24391,PDB IDs: 5o8o,5o8o,Mitochon. outer
963,Q08109,PDB IDs: 5v6p,5v6p,Endoplasm. reticulum
964,P0DXF8,PDB IDs: 5o65,5o65,Gram-neg. outer
965,P63142,PDB IDs: 5wie,5wie,Eykaryo. plasma
966,P00156,PDB IDs: 5xte,5xte,Mitochon. inner
967,O00217,PDB IDs: 5xtd,5xtd,Mitochon. inner
968,O43676,PDB IDs: 5xtc,5xtc,Mitochon. inner
969,O00206,PDB IDs: 5nam,5nam,Eykaryo. plasma
970,Q8RTE4,PDB IDs: 5t0o,5t0o,Gram-neg. inner
972,Q1MX24,PDB IDs: 5v8k,5v8k,Gram-pos. inner
973,Q9FGQ2,PDB IDs: 5xpd,5xpd,Eykaryo. plasma
975,P06006,PDB IDs: 5xnl,5xnl,Thylakoid
976,P27490,PDB IDs: 5xno,5xno,Thylakoid
977,A0A0H3LM39,PDB IDs: 5tsa,5tsa,Gram-neg. inner
978,A0A2D0TCI5,PDB IDs: 5xjj,5xjj,Eykaryo. plasma
979,P60752,PDB IDs: 5tv4,5tv4,Gram-neg. inner
980,O15118,PDB IDs: 5u73,5u73,Lysosome
983,Q9YF05,PDB IDs: 5guf,5guf,Archaebac.
984,P62812,PDB IDs: 5osa,5osa,Eykaryo. plasma
985,Q9GZU1,PDB IDs: 5wj5,5wj5,Lysosome
986,Q99J21,PDB IDs: 5wpq,5wpq,Lysosome
987,F6RG56,PDB IDs: 5w3s,5w3s,Lysosome
988,P21917,PDB IDs: 5wiv,5wiv,Eykaryo. plasma
989,P35818,PDB IDs: 5wln,5wln,Gram-neg. inner
990,F2VN85,PDB IDs: 5nup,5nup,Gram-neg. outer
991,P00854,PDB IDs: 6b2z,6b2z,Mitochon. inner
992,Q8TDD5,PDB IDs: 6aye,6aye,Lysosome
994,B7UI37,PDB IDs: 5w68,5w68,Gram-neg. outer
995,P64423,PDB IDs: 5n9y,5n9y,Gram-neg. inner
996,A0A0D8G707,PDB IDs: 5gko,5gko,Gram-neg. inner
997,Q2EHL8,PDB IDs: 5lil,5lil,Gram-neg. inner
998,P40107,PDB IDs: 5oge,5oge,Golgi
999,Q8PAS2,PDB IDs: 6ei3,6ei3,Gram-neg. inner
1000,O67182,PDB IDs: 6m96,6m96,Gram-neg. inner
1001,Q9C994,PDB IDs: 5y50,5y50,Eykaryo. plasma
1002,O66905,PDB IDs: 5xj5,5xj5,Gram-neg. inner
1004,Q7TN37,PDB IDs: 6bcl,6bcl,Eykaryo. plasma
1005,U3JD03,PDB IDs: 6bpq,6bpq,Eykaryo. plasma
1006,G0QG75,PDB IDs: 6eyu,6eyu,Archaebac.
1009,Q9H1D0,PDB IDs: 6bo8,6bo8,Eykaryo. plasma
1010,Q8TD43,PDB IDs: 6bqr,6bqr,Eykaryo. plasma
1012,Q8BHY3,PDB IDs: 5oyb,5oyb,Eykaryo. plasma
1013,L0RVU0,PDB IDs: 5mdr,5mdr,Gram-neg. outer
1015,Q9XSM3,PDB IDs: 6b5v,6b5v,Eykaryo. plasma
1016,P21730,PDB IDs: 5o9h,5o9h,Eykaryo. plasma
1017,F1QXD3,PDB IDs: 6bms,6bms,Golgi
1018,A0A097J792,PDB IDs: 5x33,5x33,Eykaryo. plasma
1019,P0C6Q6,PDB IDs: 5onu,5onu,Gram-neg. outer
1020,Q02795,PDB IDs: 6ezn,6ezn,Endoplasm. reticulum
1021,P11607,PDB IDs: 5mpm,5mpm,Endoplasm. reticulum
1022,D6WJ77,PDB IDs: 5v7p,5v7p,Endoplasm. reticulum
1023,Q5SIG0,PDB IDs: 5vkv,5vkv,Gram-neg. inner
1024,Q8DQF7,PDB IDs: 5xu1,5xu1,Gram-pos. inner
1025,Q09428,PDB IDs: 6c3o,6c3o,Eykaryo. plasma
1026,Q1Q357,PDB IDs: 6eu6,6eu6,Gram-neg. inner
1027,Q5W0Z9,PDB IDs: 6bml,6bml,Golgi
1028,P08183,PDB IDs: 6c0v,6c0v,Eykaryo. plasma
1029,P14416,PDB IDs: 6cm4,6cm4,Eykaryo. plasma
1030,Q05098,PDB IDs: 5mzs,5mzs,Gram-neg. outer
1031,Q8ZRP0,PDB IDs: 5or1,5or1,Gram-neg. outer
1032,A5A616,PDB IDs: 5oqt,5oqt,Gram-pos. inner
1033,P28335,PDB IDs: 6bqg,6bqg,Eykaryo. plasma
1034,P12975,PDB IDs: 5oy0,5oy0,Thylakoid
1036,C6S880,PDB IDs: 6fwf,6fwf,Gram-neg. inner
1037,Q9Y6R1,PDB IDs: 6caa,6caa,Eykaryo. plasma
1038,F1PJP5,PDB IDs: 6ftj,6ftj,Endoplasm. reticulum
1039,P53262,PDB IDs: 6c6l,6c6l,Vacuole
1040,A2A259,PDB IDs: 5z1w,5z1w,Eykaryo. plasma
1042,B4EZY7,PDB IDs: 5nv9,5nv9,Gram-neg. inner
1043,P10912,PDB IDs: 5oek,5oek,Eykaryo. plasma
1045,P25929,PDB IDs: 5zbq,5zbq,Eykaryo. plasma
1046,Q85FY7,PDB IDs: 6fos,6fos,Thylakoid
1047,D2Z0P5,PDB IDs: 5y5s,5y5s,Thylakoid
1048,Q9QUQ5,PDB IDs: 5z96,5z96,Eykaryo. plasma
1050,A8ALU5,PDB IDs: 5ys3,5ys3,Gram-neg. inner
1051,A0A0H3AME7,PDB IDs: 6ehf,6ehf,Gram-neg. outer
1052,O86021,PDB IDs: 5oyk,5oyk,Gram-neg. outer
1053,A5F934,PDB IDs: 6ehb,6ehb,Gram-neg. outer
1054,P0A333,PDB IDs: 6by3,6by3,Gram-pos. inner
1055,A0A1U7R319,PDB IDs: 5yw7,5yw7,Eykaryo. plasma
1056,P07293,PDB IDs: 6byo,6byo,Eykaryo. plasma
1057,O15554,PDB IDs: 6cnm,6cnm,Eykaryo. plasma
1058,U3N7D8,PDB IDs: 6g1k,6g1k,Eykaryo. plasma
1059,Q83XD1,PDB IDs: 5yq7,5yq7,Gram-neg. inner
1060,Q8FJB1,PDB IDs: 6bpl,6bpl,Gram-neg. inner
1061,Q13507,PDB IDs: 5zbg,5zbg,Eykaryo. plasma
1062,D0MDD6,PDB IDs: 6f0k,6f0k,Gram-neg. inner
1063,A5FJF3,PDB IDs: 6btm,6btm,Gram-neg. inner
1064,A7T1N0,PDB IDs: 6co7,6co7,Eykaryo. plasma
1065,G2FID1,PDB IDs: 6fvq,6fvq,Gram-neg. inner
1066,Q80WG5,PDB IDs: 6g9o,6g9o,Eykaryo. plasma
1068,G4SZ64,PDB IDs: 6cxh,6cxh,Gram-neg. inner
1070,M4XKU7,PDB IDs: 6d9z,6d9z,Gram-neg. inner
1071,Q9Y210,PDB IDs: 5yx9,5yx9,Eykaryo. plasma
1072,Q8U0Z7,PDB IDs: 6cfw,6cfw,Archaebac.
1073,P0ABE7,PDB IDs: 6d32,6d32,Eykaryo. plasma
1074,T2GB49,PDB IDs: 5xmj,5xmj,Gram-neg. inner
1075,P35523,PDB IDs: 6coy,6coy,Eykaryo. plasma
1077,P63096,PDB IDs: 6ddf,6ddf,Eykaryo. plasma
1078,P12329,PDB IDs: 5zji,5zji,Thylakoid
1079,P54702,PDB IDs: 6r69,6r69,Gram-neg. inner
1080,A0A1P8FCM7,PDB IDs: 5o77,5o77,Gram-neg. outer
1081,A0A0H3FYJ7,PDB IDs: 5o78,5o78,Gram-neg. outer
1082,D6QLY0,PDB IDs: 5o79,5o79,Gram-neg. outer
1083,Q9ALY0,PDB IDs: 5o9c,5o9c,Gram-neg. outer
1084,P25105,PDB IDs: 5zkp,5zkp,Eykaryo. plasma
1085,P0ABE5,PDB IDs: 5oc0,5oc0,Gram-neg. inner
1086,Q08BA4,PDB IDs: 6c08,6c08,Lysosome
1087,P0AF16,PDB IDs: 6cc4,6cc4,Gram-neg. inner
1088,P18507,PDB IDs: 6d6t,6d6t,Eykaryo. plasma
1089,P01019,PDB IDs: 5xjm,5xjm,Eykaryo. plasma
1090,Q7S4I4,PDB IDs: 6dt0,6dt0,Mitochon. inner
1091,W2SDE2,PDB IDs: 6dnf,6dnf,Mitochon. inner
1092,A1CWT6,PDB IDs: 6d7w,6d7w,Mitochon. inner
1093,Q13635,PDB IDs: 6dmy,6dmy,Eykaryo. plasma
1094,Q9X1H2,PDB IDs: 5y83,5y83,Gram-neg. inner
1095,E9DVV4,PDB IDs: 6c5w,6c5w,Mitochon. inner
1099,Q9NW15,PDB IDs: 5oc9,5oc9,Eykaryo. plasma
1100,Q9NUT2,PDB IDs: 5och,5och,Mitochon. inner
1101,Q9P0L9,PDB IDs: 6du8,6du8,Eykaryo. plasma
1102,Q9CMQ1,PDB IDs: 5zov,5zov,Gram-neg. inner
1103,G0GA88,PDB IDs: 6cjt,6cjt,Gram-neg. inner
1104,P18508,PDB IDs: 6dw0,6dw0,Eykaryo. plasma
1105,Q8IWT6,PDB IDs: 5zsu,5zsu,Eykaryo. plasma
1106,P20932,PDB IDs: 6bfg,6bfg,Gram-neg. inner
1107,Q99PJ1,PDB IDs: 6c14,6c14,Eykaryo. plasma
1108,P98161,PDB IDs: 6a70,6a70,Eykaryo. plasma
1109,Q923J1,PDB IDs: 6bwf,6bwf,Eykaryo. plasma
1110,Q9Y698,PDB IDs: 6dlz,6dlz,Eykaryo. plasma
1111,P14867,PDB IDs: 6cdu,6cdu,Eykaryo. plasma
1112,Q63099,PDB IDs: 6ebm,6ebm,Eykaryo. plasma
1113,Q9ULV1,PDB IDs: 6bd4,6bd4,Eykaryo. plasma
1114,B0FAQ4,PDB IDs: 6c70,6c70,Eykaryo. plasma
1115,Q8IIJ8,PDB IDs: 6e10,6e10,Vacuole
1116,L1J207,PDB IDs: 6csm,6csm,Eykaryo. plasma
1117,Q9XEA1,PDB IDs: 6jpf,6jpf,Eykaryo. plasma
1118,Q9C8G5,PDB IDs: 5z1f,5z1f,Eykaryo. plasma
1119,P20020,PDB IDs: 6a69,6a69,Eykaryo. plasma
1121,A0A081GU02,PDB IDs: 6gie,6gie,Gram-neg. outer
1122,O60894,PDB IDs: 6e3y,6e3y,Eykaryo. plasma
1123,A0A0R4IMY7,PDB IDs: 6drj,6drj,Eykaryo. plasma
1124,Q8NET8,PDB IDs: 6mho,6mho,Eykaryo. plasma
1125,P09471,PDB IDs: 6fuf,6fuf,Eykaryo. plasma
1126,Q9Y5Y4,PDB IDs: 6d26,6d26,Eykaryo. plasma
1127,Q9B6C7,PDB IDs: 6rfr,6rfr,Mitochon. inner
1128,Q07699,PDB IDs: 6agf,6agf,Eykaryo. plasma
1129,Q76HJ9,PDB IDs: 6hcp,6hcp,Gram-neg. outer
1130,Q5M4V4,PDB IDs: 6bug,6bug,Gram-pos. inner
1131,P0AA25,PDB IDs: 6h7j,6h7j,Eykaryo. plasma
1132,P05107,PDB IDs: 5zaz,5zaz,Eykaryo. plasma
1133,Q9V3X4,PDB IDs: 6mlu,6mlu,Endoplasm. reticulum
1134,P25103,PDB IDs: 6e59,6e59,Eykaryo. plasma
1135,Q841A2,PDB IDs: 4b7o,4b7o,Gram-neg. outer
1136,P63053,PDB IDs: 3j7q,3j7q,Endoplasm. reticulum
1137,Q4GWZ2,PDB IDs: 3j7r,3j7r,Endoplasm. reticulum
1139,Q03611,PDB IDs: 5h3o,5h3o,Eykaryo. plasma
1141,P00268,PDB IDs: 6aky,6aky,Eykaryo. plasma
1142,P0DP29,PDB IDs: 6dmw,6dmw,Eykaryo. plasma
1143,Q96G97,PDB IDs: 6ds5,6ds5,Endoplasm. reticulum
1144,Q687X5,PDB IDs: 6hcy,6hcy,Eykaryo. plasma
1145,Q46705,PDB IDs: 3jqo,3jqo,Gram-neg. outer
1147,Q5SIX3,PDB IDs: 6bar,6bar,Gram-neg. inner
1148,A0A0M7H8A9,PDB IDs: 6ene,6ene,Gram-neg. outer
1149,Q53TN4,PDB IDs: 5zlg,5zlg,Eykaryo. plasma
1150,P98002,PDB IDs: 3hb3,3hb3,Gram-neg. inner
1151,A0R050,PDB IDs: 6hwh,6hwh,Gram-pos. inner
1152,A5F9W9,PDB IDs: 6h3i,6h3i,Gram-neg. outer
1153,Q39583,PDB IDs: 6bhp,6bhp,Eykaryo. plasma
1154,P31547,PDB IDs: 6cvl,6cvl,Gram-neg. inner
1155,Q5XEZ5,PDB IDs: 6mgv,6mgv,Eykaryo. plasma
1156,A0A0B9X9I7,PDB IDs: 6eus,6eus,Gram-neg. outer
1157,A0R057,PDB IDs: 6adq,6adq,Gram-pos. inner
1158,P35408,PDB IDs: 5ywy,5ywy,Eykaryo. plasma
1159,P43115,PDB IDs: 6ak3,6ak3,Eykaryo. plasma
1160,Q00959,PDB IDs: 6mmr,6mmr,Eykaryo. plasma
1161,Q61115,PDB IDs: 6mg8,6mg8,Eykaryo. plasma
1162,P75780,PDB IDs: 6bpm,6bpm,Gram-neg. outer
1165,Q8L435,PDB IDs: 5zih,5zih,Eykaryo. plasma
1166,P12946,PDB IDs: 6a2j,6a2j,Gram-pos. inner
1167,P0AC98,PDB IDs: 5zug,5zug,Gram-neg. inner
1168,Q27IM2,PDB IDs: 6fj3,6fj3,Eykaryo. plasma
1169,P14906,PDB IDs: 6n3q,6n3q,Endoplasm. reticulum
1171,O94759,PDB IDs: 6mix,6mix,Eykaryo. plasma
1172,Q9TU17,PDB IDs: 6mhq,6mhq,Eykaryo. plasma
1173,P55917,PDB IDs: 6mhy,6mhy,Eykaryo. plasma
1175,Q9NUN7,PDB IDs: 6g7o,6g7o,Endoplasm. reticulum
1176,G2QNH0,PDB IDs: 6gci,6gci,Mitochon. inner
1177,Q8DJ02,PDB IDs: 6hum,6hum,Gram-neg. inner
1178,Q13336,PDB IDs: 6qd5,6qd5,Eykaryo. plasma
1179,A0QP27,PDB IDs: 6ajf,6ajf,Gram-pos. inner
1180,Q9B6E8,PDB IDs: 6h8k,6h8k,Mitochon. inner
1181,P07143,PDB IDs: 6giq,6giq,Mitochon. inner
1182,Q9NZ42,PDB IDs: 6iyc,6iyc,Eykaryo. plasma
1183,P41594,PDB IDs: 6n51,6n51,Eykaryo. plasma
1184,Q6LX42,PDB IDs: 6cse,6cse,Archaebac.
1185,P77304,PDB IDs: 6gs4,6gs4,Gram-neg. inner
1186,Q4WA18,PDB IDs: 6dz7,6dz7,Eykaryo. plasma
1187,P0DO17,PDB IDs: 6iu3,6iu3,Vacuole
1188,B7FRW2,PDB IDs: 6a2w,6a2w,Thylakoid
1189,P28223,PDB IDs: 6a93,6a93,Eykaryo. plasma
1191,A0A4V8GZZ2,PDB IDs: 6igz,6igz,Thylakoid
1192,Q9Z0G9,PDB IDs: 6akg,6akg,Eykaryo. plasma
1193,O14763,PDB IDs: 6nhw,6nhw,Eykaryo. plasma
1194,P10176,PDB IDs: 5z62,5z62,Mitochon. inner
1195,Q5ZKX9,PDB IDs: 6i6h,6i6h,Endoplasm. reticulum
1196,P34741,PDB IDs: 6ith,6ith,Eykaryo. plasma
1197,O60939,PDB IDs: 6j8e,6j8e,Eykaryo. plasma
1198,E2QH56,PDB IDs: 6nzi,6nzi,Gram-neg. inner
1199,Q6P9J9,PDB IDs: 6qp6,6qp6,Eykaryo. plasma
1200,E1C7U0,PDB IDs: 6nt6,6nt6,Endoplasm. reticulum
1201,Q86WV6,PDB IDs: 6nt5,6nt5,Endoplasm. reticulum
1202,O86150,PDB IDs: 6hrc,6hrc,Gram-neg. inner
1203,P08138,PDB IDs: 5zgg,5zgg,Eykaryo. plasma
1204,G3XD89,PDB IDs: 6fok,6fok,Gram-neg. outer
1205,P0AEB5,PDB IDs: 5y4o,5y4o,Gram-neg. inner
1206,O66528,PDB IDs: 6fv6,6fv6,Gram-neg. inner
1207,P12154,PDB IDs: 6ijj,6ijj,Thylakoid
1208,Q00914,PDB IDs: 6ijo,6ijo,Thylakoid
1209,I0YUS5,PDB IDs: 6gyh,6gyh,Eykaryo. plasma
1211,P08195,PDB IDs: 6irs,6irs,Eykaryo. plasma
1212,Q9KP51,PDB IDs: 6mjp,6mjp,Gram-neg. inner
1213,A0A0H3CQA2,PDB IDs: 6mit,6mit,Gram-neg. inner
1214,Q8VHW5,PDB IDs: 6qkc,6qkc,Eykaryo. plasma
1215,Q8NHX9,PDB IDs: 6nq0,6nq0,Lysosome
1216,P16869,PDB IDs: 6e4v,6e4v,Gram-neg. outer
1217,P31780,PDB IDs: 6i1x,6i1x,Gram-neg. outer
1218,Q96D96,PDB IDs: 5oqk,5oqk,Eykaryo. plasma
1219,P52477,PDB IDs: 6iok,6iok,Gram-neg. inner
1220,P0ADV9,PDB IDs: 6mi7,6mi7,Gram-neg. inner
1221,P0A9V1,PDB IDs: 6mi8,6mi8,Gram-neg. inner
1222,Q9Y3Q4,PDB IDs: 6gyo,6gyo,Eykaryo. plasma
1223,Q5ZK43,PDB IDs: 6iyx,6iyx,Endoplasm. reticulum
1224,Q6GN30,PDB IDs: 6iz4,6iz4,Endoplasm. reticulum
1225,P48039,PDB IDs: 6me2,6me2,Eykaryo. plasma
1226,P49286,PDB IDs: 6me7,6me7,Eykaryo. plasma
1228,Q96PS8,PDB IDs: 6f7h,6f7h,Eykaryo. plasma
1229,P62157,PDB IDs: 6o20,6o20,Eykaryo. plasma
1230,Q61420,PDB IDs: 6oh3,6oh3,Golgi
1231,A8UCQ5,PDB IDs: 6f2g,6f2g,Gram-pos. inner
1232,E2JF22,PDB IDs: 6b3r,6b3r,Eykaryo. plasma
1233,A9JTM7,PDB IDs: 6o84,6o84,Eykaryo. plasma
1234,M9UD72,PDB IDs: 6nav,6nav,Archaebac.
1235,P04896,PDB IDs: 6r3q,6r3q,Eykaryo. plasma
1237,Q29307,PDB IDs: 6j5j,6j5j,Mitochon. inner
1238,O67603,PDB IDs: 6ebu,6ebu,Gram-neg. inner
1240,Q15125,PDB IDs: 6oht,6oht,Endoplasm. reticulum
1241,Q2FD70,PDB IDs: 6ows,6ows,Gram-neg. inner
1242,B4FZ94,PDB IDs: 6i1r,6i1r,Golgi
1244,P0A1M4,PDB IDs: 6r6b,6r6b,Gram-neg. inner
1245,P0AA76,PDB IDs: 6e9n,6e9n,Gram-neg. inner
1247,P16615,PDB IDs: 5ztf,5ztf,Endoplasm. reticulum
1248,Q9H4I9,PDB IDs: 6o58,6o58,Mitochon. inner
1249,Q8X974,PDB IDs: 6gv9,6gv9,Gram-neg. inner
1250,P9WPG7,PDB IDs: 6h59,6h59,Gram-pos. inner
1251,P25656,PDB IDs: 6roh,6roh,Golgi
1252,P39524,PDB IDs: 6roj,6roj,Golgi
1253,A0LNN5,PDB IDs: 6g9x,6g9x,Gram-neg. inner
1254,B1B1U5,PDB IDs: 6i9k,6i9k,Eykaryo. plasma
1255,P56726,PDB IDs: 6o3c,6o3c,Eykaryo. plasma
1256,Q5TKG1,PDB IDs: 6oce,6oce,Eykaryo. plasma
1259,Q99808,PDB IDs: 6ob7,6ob7,Eykaryo. plasma
1260,P69805,PDB IDs: 6k1h,6k1h,Gram-neg. inner
1261,P33775,PDB IDs: 6p25,6p25,Endoplasm. reticulum
1264,P42264,PDB IDs: 6jfy,6jfy,Eykaryo. plasma
1265,Q8BU91,PDB IDs: 6rtc,6rtc,Eykaryo. plasma
1266,Q0C3L7,PDB IDs: 6e9c,6e9c,Gram-neg. inner
1267,A0A0G2KTI4,PDB IDs: 6npl,6npl,Eykaryo. plasma
1269,Q6IYF9,PDB IDs: 6ibb,6ibb,Eykaryo. plasma
1270,Q09427,PDB IDs: 6pzc,6pzc,Eykaryo. plasma
1271,Q7NP59,PDB IDs: 6nwd,6nwd,Gram-neg. inner
1272,P0AEX9,PDB IDs: 6p6w,6p6w,Gram-neg. inner
1273,Q9QX29,PDB IDs: 6aei,6aei,Eykaryo. plasma
1274,O14649,PDB IDs: 6rv2,6rv2,Eykaryo. plasma
1275,O78753,PDB IDs: 6qc6,6qc6,Mitochon. inner
1276,P24959,PDB IDs: 6q9e,6q9e,Mitochon. inner
1277,Q9I116,PDB IDs: 6i96,6i96,Gram-neg. outer
1278,Q51368,PDB IDs: 6i97,6i97,Gram-neg. outer
1279,Q9Y2Q0,PDB IDs: 6k7g,6k7g,Endoplasm. reticulum
1280,Q8CD54,PDB IDs: 6kg7,6kg7,Eykaryo. plasma
1282,W5PFI3,PDB IDs: 6qti,6qti,Mitochon. inner
1283,Q56403,PDB IDs: 6qum,6qum,Gram-neg. inner
1284,O95484,PDB IDs: 6ov2,6ov2,Eykaryo. plasma
1285,P32248,PDB IDs: 6qzh,6qzh,Eykaryo. plasma
1286,O14678,PDB IDs: 6jbj,6jbj,Lysosome
1287,P30926,PDB IDs: 6pv7,6pv7,Eykaryo. plasma
1288,D6QLY1,PDB IDs: 6rck,6rck,Gram-neg. outer
1289,E5G6G2,PDB IDs: 6rcp,6rcp,Gram-neg. outer
1290,P07766,PDB IDs: 6jxr,6jxr,Eykaryo. plasma
1291,A0A151EDA9,PDB IDs: 6is6,6is6,Archaebac.
1292,P80967,PDB IDs: 6jnf,6jnf,Mitochon. outer
1293,P0ABJ9,PDB IDs: 6rko,6rko,Gram-neg. inner
1294,W8L932,PDB IDs: 6q53,6q53,Thylakoid
1295,P96787,PDB IDs: 6gux,6gux,Archaebac.
1296,Q12200,PDB IDs: 6r4l,6r4l,Eykaryo. plasma
1297,A0A5S8WF66,PDB IDs: 6o72,6o72,Eykaryo. plasma
1298,A0QQ39,PDB IDs: 6sgw,6sgw,Gram-pos. inner
1299,P0A410,PDB IDs: 6k61,6k61,Thylakoid
1301,P31827,PDB IDs: 6ofr,6ofr,Gram-neg. outer
1302,P0A9V4,PDB IDs: 6s8h,6s8h,Gram-neg. inner
1303,Q0Z852,PDB IDs: 6pw4,6pw4,Eykaryo. plasma
1305,P07753,PDB IDs: 6kac,6kac,Thylakoid
1306,Q9Y271,PDB IDs: 6rz4,6rz4,Eykaryo. plasma
1307,Q9UP95,PDB IDs: 6kkt,6kkt,Eykaryo. plasma
1308,Q8K424,PDB IDs: 6pvl,6pvl,Eykaryo. plasma
1309,P37650,PDB IDs: 6tzk,6tzk,Gram-neg. outer
1310,Q64663,PDB IDs: 6u9v,6u9v,Eykaryo. plasma
1311,P41784,PDB IDs: 6pep,6pep,Gram-neg. inner
1313,P08980,PDB IDs: 6rqf,6rqf,Thylakoid
1314,O14520,PDB IDs: 6n1g,6n1g,Eykaryo. plasma
1315,O43497,PDB IDs: 6kzo,6kzo,Eykaryo. plasma
1316,P04844,PDB IDs: 6s7o,6s7o,Endoplasm. reticulum
1318,P08912,PDB IDs: 6ol9,6ol9,Eykaryo. plasma
1319,A0A2R4S913,PDB IDs: 6su3,6su3,Gram-pos. inner
1320,W7FI62,PDB IDs: 6ukj,6ukj,Vacuole
1321,P51436,PDB IDs: 6iql,6iql,Eykaryo. plasma
1322,C4IXV6,PDB IDs: 6v1q,6v1q,Eykaryo. plasma
1323,P18825,PDB IDs: 6kuw,6kuw,Eykaryo. plasma
1324,P30989,PDB IDs: 6pwc,6pwc,Eykaryo. plasma
1326,Q9HA72,PDB IDs: 6uiv,6uiv,Eykaryo. plasma
1327,Q9FF53,PDB IDs: 6qim,6qim,Eykaryo. plasma
1328,P0ABK2,PDB IDs: 6rx4,6rx4,Gram-neg. inner
1329,Q55415,PDB IDs: 6ki1,6ki1,Gram-neg. inner
1330,O88454,PDB IDs: 6pis,6pis,Eykaryo. plasma
1331,P21439,PDB IDs: 6s7p,6s7p,Eykaryo. plasma
1332,Q86W47,PDB IDs: 6v22,6v22,Eykaryo. plasma
1333,Q9U6P4,PDB IDs: 6sp2,6sp2,Eykaryo. plasma
1334,P15389,PDB IDs: 6uz0,6uz0,Eykaryo. plasma
1335,P34957,PDB IDs: 6kob,6kob,Gram-pos. inner
1336,Q62640,PDB IDs: 6ksp,6ksp,Eykaryo. plasma
1339,Q00595,PDB IDs: 6qam,6qam,Gram-neg. outer
1341,A0A1Z3HRW4,PDB IDs: 6kmw,6kmw,Thylakoid
1342,A0A1Z3HIN6,PDB IDs: 6kmx,6kmx,Thylakoid
1343,Q2FHP2,PDB IDs: 6ryo,6ryo,Gram-pos. inner
1346,Q7KWJ5,PDB IDs: 6rw3,6rw3,Eykaryo. plasma
1347,P42212,PDB IDs: 6vam,6vam,Eykaryo. plasma
1348,P06850,PDB IDs: 6p9x,6p9x,Eykaryo. plasma
1349,P63092,PDB IDs: 6p9y,6p9y,Eykaryo. plasma
1350,Q9CZP5,PDB IDs: 6uks,6uks,Mitochon. inner
1351,P32839,PDB IDs: 6sh3,6sh3,Mitochon. inner
1352,P0A3C9,PDB IDs: 6khi,6khi,Gram-neg. inner
1354,G6FME9,PDB IDs: 6pnj,6pnj,Thylakoid
1355,D0FXV2,PDB IDs: 6qph,6qph,Thylakoid
1357,P96589,PDB IDs: 6s3k,6s3k,Gram-pos. inner
1358,P0A223,PDB IDs: 6rwy,6rwy,Gram-neg. inner
1359,D0FXW7,PDB IDs: 6rhz,6rhz,Thylakoid
1360,Q9Y2T5,PDB IDs: 6li0,6li0,Eykaryo. plasma
1361,P11836,PDB IDs: 6vja,6vja,Eykaryo. plasma
1362,B3DLA5,PDB IDs: 6vd7,6vd7,Eykaryo. plasma
1363,Q1RAG2,PDB IDs: 6p6i,6p6i,Gram-neg. inner
1364,A0A6I8WFL7,PDB IDs: 6jbh,6jbh,Gram-pos. inner
1366,P51787,PDB IDs: 6mie,6mie,Eykaryo. plasma
1367,Q695T7,PDB IDs: 6m17,6m17,Eykaryo. plasma
1368,A0A6I8WFQ3,PDB IDs: 6nwf,6nwf,Gram-neg. inner
1369,Q12001,PDB IDs: 6sni,6sni,Endoplasm. reticulum
1370,Q9UHW9,PDB IDs: 6y5r,6y5r,Eykaryo. plasma
1371,Q72JC0,PDB IDs: 6xxd,6xxd,Gram-neg. inner
1372,Q72GL2,PDB IDs: 6xxe,6xxe,Gram-neg. inner
1374,P25090,PDB IDs: 6lw5,6lw5,Eykaryo. plasma
1375,Q16602,PDB IDs: 6uun,6uun,Eykaryo. plasma
1376,Q96RD7,PDB IDs: 6m02,6m02,Eykaryo. plasma
1377,P55011,PDB IDs: 6pzt,6pzt,Eykaryo. plasma
1378,A0A1D8S9F5,PDB IDs: 6s3l,6s3l,Gram-neg. inner
1379,A0A0P9WRJ4,PDB IDs: 6s3r,6s3r,Gram-neg. inner
1381,G7CBF5,PDB IDs: 6tej,6tej,Gram-pos. inner
1382,P9WQI9,PDB IDs: 6tqe,6tqe,Gram-pos. inner
1383,S5UCA2,PDB IDs: 6v78,6v78,Gram-neg. outer
1384,E1BF86,PDB IDs: 6vx7,6vx7,Eykaryo. plasma
1385,Q1AUE6,PDB IDs: 6kfq,6kfq,Gram-pos. inner
1386,Q9BSA9,PDB IDs: 6wc9,6wc9,Lysosome
1387,P02714,PDB IDs: 6uwz,6uwz,Eykaryo. plasma
1388,Q8VZL4,PDB IDs: 6lyp,6lyp,Mitochon. inner
1389,P18089,PDB IDs: 6k41,6k41,Eykaryo. plasma
1390,O95342,PDB IDs: 6lr0,6lr0,Eykaryo. plasma
1391,P0DSN4,PDB IDs: 6r2q,6r2q,Gram-neg. outer
1392,Q2FZP8,PDB IDs: 6s7v,6s7v,Gram-pos. inner
1394,P35610,PDB IDs: 6l47,6l47,Endoplasm. reticulum
1395,G0S196,PDB IDs: 6lcp,6lcp,Eykaryo. plasma
1396,P82251,PDB IDs: 6li9,6li9,Eykaryo. plasma
1397,O06967,PDB IDs: 6r72,6r72,Gram-pos. inner
1398,P76115,PDB IDs: 6v81,6v81,Gram-neg. outer
1400,P32245,PDB IDs: 6w25,6w25,Eykaryo. plasma
1401,A0R0B3,PDB IDs: 7bvc,7bvc,Gram-pos. inner
1402,P9WNL7,PDB IDs: 7bvf,7bvf,Gram-pos. inner
1403,P21926,PDB IDs: 6k4j,6k4j,Eykaryo. plasma
1404,O66460,PDB IDs: 6klv,6klv,Gram-neg. inner
1406,O75907,PDB IDs: 6vp0,6vp0,Endoplasm. reticulum
1407,P0A6A8,PDB IDs: 6w98,6w98,Gram-pos. inner
1408,A1L3X0,PDB IDs: 6y7f,6y7f,Endoplasm. reticulum
1409,Q5JW98,PDB IDs: 6ytl,6ytl,Eykaryo. plasma
1410,Q5R3K3,PDB IDs: 6ytx,6ytx,Eykaryo. plasma
1411,Q03032,PDB IDs: 6iww,6iww,Gram-neg. inner
1412,Q7L1W4,PDB IDs: 6m04,6m04,Eykaryo. plasma
1413,P49407,PDB IDs: 6tko,6tko,Eykaryo. plasma
1414,P0DTC3,PDB IDs: 6xdc,6xdc,Eykaryo. plasma
1416,A0A6P3CW41,PDB IDs: 6k6i,6k6i,Gram-neg. inner
1417,A0A6P3CW42,PDB IDs: 6k6k,6k6k,Gram-neg. inner
1419,Q8NB49,PDB IDs: 6lkn,6lkn,Endoplasm. reticulum
1420,A0QT08,PDB IDs: 6lum,6lum,Gram-pos. inner
1421,P0ABA6,PDB IDs: 6oqr,6oqr,Gram-neg. inner
1422,Q7MXJ7,PDB IDs: 6sln,6sln,Gram-neg. outer
1423,Q9VNJ5,PDB IDs: 6tbu,6tbu,Eykaryo. plasma
1424,Q02936,PDB IDs: 6td6,6td6,Eykaryo. plasma
1425,Q9WVL3,PDB IDs: 6ukn,6ukn,Eykaryo. plasma
1426,O75899,PDB IDs: 6uo8,6uo8,Eykaryo. plasma
1427,Q39128,PDB IDs: 6v1y,6v1y,Eykaryo. plasma
1428,V4JF97,PDB IDs: 6v4a,6v4a,Gram-neg. inner
1429,P40540,PDB IDs: 6wb9,6wb9,Endoplasm. reticulum
1430,U5WZP7,PDB IDs: 6wm5,6wm5,Gram-pos. inner
1431,Q9P0I2,PDB IDs: 6ww7,6ww7,Endoplasm. reticulum
1432,A0R614,PDB IDs: 6x0o,6x0o,Gram-pos. inner
1433,Q9UHE8,PDB IDs: 6y9b,6y9b,Eykaryo. plasma
1434,O60669,PDB IDs: 7bp3,7bp3,Eykaryo. plasma
1435,Q9KCR8,PDB IDs: 6vwx,6vwx,Gram-pos. inner
1436,P78556,PDB IDs: 6wwz,6wwz,Eykaryo. plasma
1437,P04696,PDB IDs: 6ph7,6ph7,Eykaryo. plasma
1438,P43005,PDB IDs: 6s3q,6s3q,Eykaryo. plasma
1439,Q6T3U3,PDB IDs: 6v3f,6v3f,Endoplasm. reticulum
1440,Q5F725,PDB IDs: 6vks,6vks,Gram-neg. inner
1441,Q9UBS5,PDB IDs: 6w2y,6w2y,Eykaryo. plasma
1444,Q96F81,PDB IDs: 6xe6,6xe6,Eykaryo. plasma
1446,Q9JK62,PDB IDs: 6wlv,6wlv,Eykaryo. plasma
1447,Q6J8X0,PDB IDs: 6wlb,6wlb,Eykaryo. plasma
1448,Q8ZRA7,PDB IDs: 6z12,6z12,Gram-neg. inner
1449,Q3IY11,PDB IDs: 6nhh,6nhh,Gram-neg. inner
1450,A3MTD6,PDB IDs: 6yv7,6yv7,Archaebac.
1451,P31122,PDB IDs: 6kki,6kki,Gram-neg. inner
1452,H2MCM1,PDB IDs: 6lmt,6lmt,Eykaryo. plasma
1453,Q18593,PDB IDs: 6lmv,6lmv,Eykaryo. plasma
1454,Q48658,PDB IDs: 6t1z,6t1z,Gram-pos. inner
1456,Q8IZF0,PDB IDs: 6xiw,6xiw,Eykaryo. plasma
1457,Q9BPX6,PDB IDs: 6xqn,6xqn,Mitochon. inner
1458,Q92847,PDB IDs: 6ko5,6ko5,Eykaryo. plasma
1459,Q9HAS3,PDB IDs: 6ksw,6ksw,Eykaryo. plasma
1460,Q8NFK1,PDB IDs: 6l3t,6l3t,Eykaryo. plasma
1461,G0GAP6,PDB IDs: 6leo,6leo,Eykaryo. plasma
1462,Q9V2J8,PDB IDs: 6lfl,6lfl,Eykaryo. plasma
1463,P10145,PDB IDs: 6lfm,6lfm,Eykaryo. plasma
1464,P74901,PDB IDs: 6ly9,6ly9,Gram-neg. inner
1465,O00258,PDB IDs: 6so5,6so5,Endoplasm. reticulum
1466,P30559,PDB IDs: 6tpk,6tpk,Eykaryo. plasma
1467,I6UZV3,PDB IDs: 6u8y,6u8y,Archaebac.
1468,P32241,PDB IDs: 6vn7,6vn7,Eykaryo. plasma
1469,P09683,PDB IDs: 6wi9,6wi9,Eykaryo. plasma
1470,P09192,PDB IDs: 6wj6,6wj6,Thylakoid
1471,G2QFF9,PDB IDs: 6wuh,6wuh,Mitochon. outer
1472,Q13467,PDB IDs: 6ww2,6ww2,Eykaryo. plasma
1473,Q8VE49,PDB IDs: 6wxr,6wxr,Eykaryo. plasma
1474,D6WIX5,PDB IDs: 6x4s,6x4s,Mitochon. inner
1475,A0A1S3V7V2,PDB IDs: 6x89,6x89,Mitochon. inner
1476,P61420,PDB IDs: 6xbw,6xbw,Vacuole
1477,P31408,PDB IDs: 6xby,6xby,Vacuole
1478,Q8IWU4,PDB IDs: 6xpd,6xpd,Eykaryo. plasma
1479,A0A0H3PAV1,PDB IDs: 6ykm,6ykm,Gram-neg. inner
1480,A0A1V9IL35,PDB IDs: 6ysf,6ysf,Gram-pos. inner
1481,P28612,PDB IDs: 6ysl,6ysl,Gram-pos. inner
1482,B7GL98,PDB IDs: 6z16,6z16,Gram-pos. inner
1483,P31213,PDB IDs: 7bw1,7bw1,Endoplasm. reticulum
1484,Q8TDU6,PDB IDs: 7cfm,7cfm,Eykaryo. plasma
1485,A0R1Z9,PDB IDs: 7jg5,7jg5,Gram-pos. inner
1486,A0R203,PDB IDs: 7jgb,7jgb,Gram-pos. inner
1487,P63212,PDB IDs: 7jjo,7jjo,Eykaryo. plasma
1488,Q5ZL60,PDB IDs: 7jm6,7jm6,Lysosome
1489,P51798,PDB IDs: 7jm7,7jm7,Lysosome
1491,Q9WY99,PDB IDs: 6l85,6l85,Gram-neg. inner
1492,P87108,PDB IDs: 6lo8,6lo8,Mitochon. inner
1493,E7F2J4,PDB IDs: 6lyg,6lyg,Eykaryo. plasma
1494,P05631,PDB IDs: 6tt7,6tt7,Mitochon. inner
1495,Q2FVT1,PDB IDs: 6u0o,6u0o,Gram-pos. inner
1496,Q9I6X4,PDB IDs: 6vej,6vej,Gram-neg. inner
1497,Q9NP59,PDB IDs: 6w4s,6w4s,Eykaryo. plasma
1498,Q9KNV0,PDB IDs: 6w6m,6w6m,Gram-neg. outer
1499,Q5FKK5,PDB IDs: 6wtw,6wtw,Gram-pos. inner
1500,P19397,PDB IDs: 6wvg,6wvg,Eykaryo. plasma
1501,O25262,PDB IDs: 6x6k,6x6k,Gram-neg. outer
1502,X5EJW5,PDB IDs: 6xjh,6xjh,Gram-pos. inner
1503,P39986,PDB IDs: 6xmp,6xmp,Endoplasm. reticulum
1504,P10793,PDB IDs: 6yez,6yez,Thylakoid
1505,Q01519,PDB IDs: 6ymy,6ymy,Mitochon. inner
1506,Q22Z05,PDB IDs: 6ynw,6ynw,Mitochon. inner
1507,Q5EGM4,PDB IDs: 6ys8,6ys8,Gram-neg. inner
1508,Q9NZC2,PDB IDs: 6z0i,6z0i,Eykaryo. plasma
1509,P13621,PDB IDs: 6z1r,6z1r,Mitochon. inner
1510,P17605,PDB IDs: 6za9,6za9,Mitochon. inner
1511,P13620,PDB IDs: 6zbb,6zbb,Mitochon. inner
1512,P05630,PDB IDs: 6zg7,6zg7,Mitochon. inner
1514,O78755,PDB IDs: 6zka,6zka,Mitochon. inner
1515,P30968,PDB IDs: 7br3,7br3,Eykaryo. plasma
1516,P64606,PDB IDs: 7cge,7cge,Gram-neg. inner
1517,Q53H12,PDB IDs: 7cgp,7cgp,Mitochon. inner
1518,O43526,PDB IDs: 7cr0,7cr0,Eykaryo. plasma
1520,P19438,PDB IDs: 7k7a,7k7a,Eykaryo. plasma
1521,A0A218QMM7,PDB IDs: 6lm1,6lm1,Gram-neg. inner
1524,U2EQ00,PDB IDs: 6wk5,6wk5,Gram-pos. inner
1525,Q9CR21,PDB IDs: 6zr2,6zr2,Mitochon. inner
1526,Q9FJW4,PDB IDs: 7a23,7a23,Mitochon. inner
1527,P53665,PDB IDs: 7a24,7a24,Mitochon. inner
1528,P78348,PDB IDs: 7cfs,7cfs,Eykaryo. plasma
1530,Q9NP58,PDB IDs: 7d7r,7d7r,Eykaryo. plasma
1531,Q16515,PDB IDs: 6l6p,6l6p,Eykaryo. plasma
1532,A7NJ88,PDB IDs: 6lod,6lod,Gram-neg. inner
1533,Q9H2X9,PDB IDs: 6m23,6m23,Eykaryo. plasma
1534,Q46393,PDB IDs: 6m32,6m32,Gram-neg. inner
1535,P76372,PDB IDs: 6rbg,6rbg,Gram-neg. inner
1536,A0A1U7U6F1,PDB IDs: 6vyh,6vyh,Eykaryo. plasma
1537,Q3YL97,PDB IDs: 6wim,6wim,Gram-neg. outer
1538,P27449,PDB IDs: 6wlw,6wlw,Vacuole
1539,Q9BQB6,PDB IDs: 6wv3,6wv3,Endoplasm. reticulum
1540,Q6TEK8,PDB IDs: 6wv8,6wv8,Endoplasm. reticulum
1541,O33458,PDB IDs: 6z34,6z34,Gram-neg. outer
1542,Q51971,PDB IDs: 6z38,6z38,Gram-neg. outer
1544,P64602,PDB IDs: 6zy2,6zy2,Gram-neg. inner
1545,P75783,PDB IDs: 7a46,7a46,Gram-neg. inner
1546,A0A0V8ETW8,PDB IDs: 7ahc,7ahc,Gram-pos. inner
1548,G1BIY4,PDB IDs: 7c9r,7c9r,Thylakoid
1549,Q7LBE3,PDB IDs: 7ch1,7ch1,Eykaryo. plasma
1550,F2TZN0,PDB IDs: 7cj3,7cj3,Eykaryo. plasma
1551,Q96B49,PDB IDs: 7ck6,7ck6,Mitochon. outer
1552,P01286,PDB IDs: 7cz5,7cz5,Eykaryo. plasma
1553,Q9H813,PDB IDs: 7jna,7jna,Eykaryo. plasma
1554,Q9UL62,PDB IDs: 6ysn,6ysn,Eykaryo. plasma
1555,P08588,PDB IDs: 7bu6,7bu6,Eykaryo. plasma
1556,P56696,PDB IDs: 7byl,7byl,Eykaryo. plasma
1557,A0R2C1,PDB IDs: 7cad,7cad,Gram-pos. inner
1558,A0R2C3,PDB IDs: 7cae,7cae,Gram-pos. inner
1559,A0A380PV03,PDB IDs: 6lgy,6lgy,Gram-neg. inner
1561,P0DP26,PDB IDs: 7b1g,7b1g,Eykaryo. plasma
1562,Q9UPY5,PDB IDs: 7ccs,7ccs,Eykaryo. plasma
1563,Q1HG43,PDB IDs: 7d3e,7d3e,Eykaryo. plasma
1564,A0A221C8X0,PDB IDs: 7d3u,7d3u,Gram-pos. inner
1565,P23895,PDB IDs: 7jk8,7jk8,Gram-neg. inner
1566,P63211,PDB IDs: 7l0s,7l0s,Eykaryo. plasma
1567,P0A903,PDB IDs: 6lyr,6lyr,Gram-neg. outer
1568,P15391,PDB IDs: 7jic,7jic,Eykaryo. plasma
1569,Q07837,PDB IDs: 6yuz,6yuz,Eykaryo. plasma
1570,V5V921,PDB IDs: 7d06,7d06,Gram-neg. inner
1571,A0A125YYY4,PDB IDs: 6tmh,6tmh,Mitochon. inner
1572,A0A125YSI9,PDB IDs: 6tmj,6tmj,Mitochon. inner
1573,P34750,PDB IDs: 6ve2,6ve2,Gram-neg. outer
1574,P53985,PDB IDs: 7ckr,7ckr,Eykaryo. plasma
1575,Q8N5C1,PDB IDs: 7d61,7d61,Eykaryo. plasma
1576,O88867,PDB IDs: 6lke,6lke,Mitochon. outer
1577,D5ANZ3,PDB IDs: 6xi0,6xi0,Gram-neg. inner
1578,D5ARP7,PDB IDs: 6xkz,6xkz,Gram-neg. inner
1579,P04037,PDB IDs: 7clv,7clv,Mitochon. inner
1580,Q9Y666,PDB IDs: 7d99,7d99,Eykaryo. plasma
1581,Q9H1J5,PDB IDs: 7kc4,7kc4,Eykaryo. plasma
1582,P32660,PDB IDs: 7kyc,7kyc,Golgi
1583,Q12675,PDB IDs: 7kya,7kya,Golgi
1584,Q8VCW4,PDB IDs: 7c77,7c77,Endoplasm. reticulum
1585,Q9NYK1,PDB IDs: 7cyn,7cyn,Endoplasm. reticulum
1586,O83005,PDB IDs: 6z5r,6z5r,Thylakoid
1587,Q9LKU2,PDB IDs: 7b7o,7b7o,Thylakoid
1588,Q8N5M9,PDB IDs: 6wvd,6wvd,Endoplasm. reticulum
1589,C6K7N1,PDB IDs: 7jz3,7jz3,Gram-neg. outer
1590,P50110,PDB IDs: 7bty,7bty,Mitochon. outer
1591,P14693,PDB IDs: 7btw,7btw,Mitochon. outer
1592,P12238,PDB IDs: 7czl,7czl,Thylakoid
1593,A0A1S3TZB2,PDB IDs: 7jro,7jro,Mitochon. inner
1594,A0A1S3TWG4,PDB IDs: 7jrp,7jrp,Mitochon. inner
1595,A0A1S3TQD2,PDB IDs: 7jrg,7jrg,Mitochon. inner
1596,Q12770,PDB IDs: 6m49,6m49,Endoplasm. reticulum
1597,A0A3A0FWV3,PDB IDs: 7c83,7c83,Endoplasm. reticulum
1598,P00323,PDB IDs: 7ddz,7ddz,Eykaryo. plasma
1599,O77389,PDB IDs: 6vqr,6vqr,Vacuole
1600,Q99735,PDB IDs: 6sss,6sss,Endoplasm. reticulum
1601,Q86Y34,PDB IDs: 7d76,7d76,Eykaryo. plasma
1602,Q57727,PDB IDs: 6m34,6m34,Archaebac.
1603,A0A6P1C618,PDB IDs: 6lvf,6lvf,Gram-neg. inner
1604,Q969W0,PDB IDs: 7cqk,7cqk,Endoplasm. reticulum
1605,Q6YXQ2,PDB IDs: 6l35,6l35,Thylakoid
1606,Q15722,PDB IDs: 7k15,7k15,Eykaryo. plasma
1607,W0E5B0,PDB IDs: 6zxa,6zxa,Thylakoid
1608,P21728,PDB IDs: 7jv5,7jv5,Eykaryo. plasma
1609,O15269,PDB IDs: 7k0l,7k0l,Endoplasm. reticulum
1610,Q86YT5,PDB IDs: 7jsj,7jsj,Eykaryo. plasma
1611,A0A524F8J2,PDB IDs: 7e4g,7e4g,Archaebac.
1612,A0A109QFA5,PDB IDs: 7cff,7cff,Gram-neg. inner
1613,P78363,PDB IDs: 7lkp,7lkp,Eykaryo. plasma
1614,A0A4Z2BWB0,PDB IDs: 7ji3,7ji3,Eykaryo. plasma
1615,P29973,PDB IDs: 7lg1,7lg1,Eykaryo. plasma
1616,P41180,PDB IDs: 7dtw,7dtw,Eykaryo. plasma
1617,P48067,PDB IDs: 6zbv,6zbv,Eykaryo. plasma
1618,Q9BUN8,PDB IDs: 7czb,7czb,Endoplasm. reticulum
1619,Q63273,PDB IDs: 7ks0,7ks0,Eykaryo. plasma
1620,Q14524,PDB IDs: 7dtc,7dtc,Eykaryo. plasma
1622,A0A1C3HJ46,PDB IDs: 6ye4,6ye4,Gram-neg. inner
1623,B0C474,PDB IDs: 7coy,7coy,Thylakoid
1624,M4GGR4,PDB IDs: 7de8,7de8,Gram-neg. outer
1625,P75957,PDB IDs: 7ari,7ari,Gram-neg. inner
1626,A0QPJ2,PDB IDs: 7d6x,7d6x,Gram-pos. inner
1627,P0AFF4,PDB IDs: 7dl9,7dl9,Gram-neg. inner
1628,Q8IWT1,PDB IDs: 7dtd,7dtd,Eykaryo. plasma
1629,Q91V14,PDB IDs: 7d14,7d14,Eykaryo. plasma
1631,I3LZN5,PDB IDs: 7lqz,7lqz,Eykaryo. plasma
1632,Q12324,PDB IDs: 6whg,6whg,Vacuole
1633,P01185,PDB IDs: 7kh0,7kh0,Eykaryo. plasma
1634,P06307,PDB IDs: 7mbx,7mbx,Eykaryo. plasma
1636,P54700,PDB IDs: 7cg4,7cg4,Gram-neg. inner
1637,Q9NS69,PDB IDs: 7vby,7vby,Mitochon. outer
1639,P43116,PDB IDs: 7cx4,7cx4,Eykaryo. plasma
1640,P23818,PDB IDs: 7lde,7lde,Eykaryo. plasma
1641,Q8VHW2,PDB IDs: 7lep,7lep,Eykaryo. plasma
1642,F1NJ67,PDB IDs: 7bc6,7bc6,Eykaryo. plasma
1643,Q73372,PDB IDs: 6x58,6x58,Gram-neg. inner
1644,P32799,PDB IDs: 6zdb,6zdb,Mitochon. inner
1645,Q8Y8Q5,PDB IDs: 6zhg,6zhg,Gram-pos. inner
1646,Q72IU4,PDB IDs: 6zmq,6zmq,Gram-neg. inner
1647,Q2FD94,PDB IDs: 7m4p,7m4p,Gram-neg. inner
1648,Q9HVW2,PDB IDs: 7cha,7cha,Gram-neg. inner
1649,A0A0Q3IDG7,PDB IDs: 7en0,7en0,Eykaryo. plasma
1650,P71070,PDB IDs: 6z0f,6z0f,Gram-pos. inner
1651,Q813T3,PDB IDs: 7b0p,7b0p,Gram-pos. inner
1652,P73954,PDB IDs: 7egk,7egk,Gram-neg. inner
1654,A0A8I3AZV5,PDB IDs: 7dd5,7dd5,Eykaryo. plasma
1655,Q14416,PDB IDs: 7mtq,7mtq,Eykaryo. plasma
1656,P08754,PDB IDs: 7e9h,7e9h,Eykaryo. plasma
1657,Q14831,PDB IDs: 7epc,7epc,Eykaryo. plasma
1658,Q9UBU3,PDB IDs: 7f9y,7f9y,Eykaryo. plasma
1659,P62873,PDB IDs: 7db6,7db6,Eykaryo. plasma
1660,Q6J5N4,PDB IDs: 7kka,7kka,Gram-neg. inner
1661,Q5BJU5,PDB IDs: 7oce,7oce,Eykaryo. plasma
1662,Q8GXJ4,PDB IDs: 7lzh,7lzh,Eykaryo. plasma
1663,A0A2T4JIL7,PDB IDs: 7ddq,7ddq,Gram-neg. inner
1664,Q9ZSJ4,PDB IDs: 7e0k,7e0k,Thylakoid
1665,K9Z2J7,PDB IDs: 6vpv,6vpv,Thylakoid
1666,W8SUA3,PDB IDs: 6zzx,6zzx,Thylakoid
1668,Q9HBA0,PDB IDs: 7aa5,7aa5,Eykaryo. plasma
1669,S5UH55,PDB IDs: 7mbv,7mbv,Eykaryo. plasma
1670,P10147,PDB IDs: 7f1t,7f1t,Eykaryo. plasma
1671,P54289,PDB IDs: 7miy,7miy,Eykaryo. plasma
1673,P73953,PDB IDs: 7cye,7cye,Gram-neg. inner
1674,P0A232,PDB IDs: 7ezz,7ezz,Gram-neg. outer
1675,A0A1G8XA46,PDB IDs: 7m1u,7m1u,Archaebac.
1676,Q9NWC5,PDB IDs: 7oqz,7oqz,Golgi
1677,A0A0H2ZPI2,PDB IDs: 7kyo,7kyo,Gram-pos. inner
1678,Q9DA75,PDB IDs: 7n98,7n98,Eykaryo. plasma
1679,F1NCD6,PDB IDs: 7mjs,7mjs,Eykaryo. plasma
1680,Q8BVN3,PDB IDs: 7eeb,7eeb,Eykaryo. plasma
1683,Q74D23,PDB IDs: 6vk9,6vk9,Gram-neg. inner
1684,P0DN84,PDB IDs: 7mpa,7mpa,Endoplasm. reticulum
1685,P39109,PDB IDs: 7mpe,7mpe,Vacuole
1686,U5U6L7,PDB IDs: 7cz9,7cz9,Gram-neg. inner
1687,O75908,PDB IDs: 7n6q,7n6q,Endoplasm. reticulum
1688,P45844,PDB IDs: 7oz1,7oz1,Eykaryo. plasma
1689,L7N662,PDB IDs: 7nkz,7nkz,Gram-pos. inner
1690,P9WJV5,PDB IDs: 7nvh,7nvh,Gram-pos. inner
1695,P0AFY6,PDB IDs: 7p34,7p34,Gram-neg. inner
1696,A0A1D8PJX3,PDB IDs: 7rja,7rja,Mitochon. inner
1697,Q08722,PDB IDs: 7myz,7myz,Eykaryo. plasma
1698,P23416,PDB IDs: 5bkg,5bkg,Eykaryo. plasma
1699,A0A1W0WWK2,PDB IDs: 7fif,7fif,Eykaryo. plasma
1700,Q9I117,PDB IDs: 7abw,7abw,Gram-neg. inner
1701,Q7DD63,PDB IDs: 7mbz,7mbz,Gram-neg. inner
1703,Q9UHC9,PDB IDs: 7n4x,7n4x,Eykaryo. plasma
1704,A0A4U9TNH6,PDB IDs: 7pij,7pij,Gram-pos. inner
1705,Q9KRU4,PDB IDs: 7php,7php,Gram-neg. inner
1706,A3KDM5,PDB IDs: 7dqk,7dqk,Vacuole
1707,P53969,PDB IDs: 7e4i,7e4i,Mitochon. outer
1708,P31979,PDB IDs: 7nyr,7nyr,Gram-neg. inner
1709,P0AFE4,PDB IDs: 7nyh,7nyh,Gram-neg. inner
1710,Q9X4B9,PDB IDs: 7nib,7nib,Gram-neg. inner
1711,Q9H313,PDB IDs: 7p5j,7p5j,Eykaryo. plasma
1712,Q3TH73,PDB IDs: 7rtu,7rtu,Eykaryo. plasma
1713,Q9BSA4,PDB IDs: 7p54,7p54,Eykaryo. plasma
1714,Q6P5F7,PDB IDs: 7rtw,7rtw,Eykaryo. plasma
1715,Q9C0H2,PDB IDs: 7p5c,7p5c,Eykaryo. plasma
1716,P49190,PDB IDs: 7f16,7f16,Eykaryo. plasma
1717,P58743,PDB IDs: 7lgu,7lgu,Eykaryo. plasma
1718,Q9FY46,PDB IDs: 7lhv,7lhv,Eykaryo. plasma
1721,Q9TV66,PDB IDs: 7np3,7np3,Eykaryo. plasma
1722,O67937,PDB IDs: 7deg,7deg,Gram-neg. inner
1723,Q9HGT7,PDB IDs: 7bmh,7bmh,Eykaryo. plasma
1724,Q6J4G7,PDB IDs: 7b03,7b03,Gram-neg. inner
1725,Q99500,PDB IDs: 7c4s,7c4s,Eykaryo. plasma
1727,Q13303,PDB IDs: 7ej2,7ej2,Eykaryo. plasma
1728,A0A1C3Q001,PDB IDs: 7ng8,7ng8,Gram-neg. outer
1729,G0S7G9,PDB IDs: 7op3,7op3,Endoplasm. reticulum
1730,L7NUA2,PDB IDs: 7d5k,7d5k,Eykaryo. plasma
1731,Q5GH54,PDB IDs: 7p16,7p16,Eykaryo. plasma
1732,Q5T9L3,PDB IDs: 7drt,7drt,Eykaryo. plasma
1733,Q9ZIH2,PDB IDs: 7nh9,7nh9,Gram-neg. inner
1734,Q63424,PDB IDs: 7nqk,7nqk,Eykaryo. plasma
1736,A0QXA7,PDB IDs: 7d5i,7d5i,Gram-pos. inner
1737,Q5VTY9,PDB IDs: 7mhz,7mhz,Endoplasm. reticulum
1738,A0A0H2WZS4,PDB IDs: 7d5q,7d5q,Gram-pos. inner
1740,P07110,PDB IDs: 2vqi,2vqi,Gram-neg. outer
1741,Q9C6B3,PDB IDs: 7aqq,7aqq,Mitochon. inner
1742,Q8LYW1,PDB IDs: 7ar9,7ar9,Mitochon. inner
1744,Q3J145,PDB IDs: 7pbw,7pbw,Gram-neg. inner
1745,Q9NZQ7,PDB IDs: 7dcv,7dcv,Eykaryo. plasma
1746,P9WP37,PDB IDs: 7e1v,7e1v,Gram-pos. inner
1747,Q15465,PDB IDs: 7e2i,7e2i,Eykaryo. plasma
1748,Q3TDN0,PDB IDs: 7rph,7rph,Eykaryo. plasma
1749,C6K2K4,PDB IDs: 7f56,7f56,Eykaryo. plasma
1751,P0C5R9,PDB IDs: 8eas,8eas,Vacuole
1753,Q8MFA3,PDB IDs: 7ksq,7ksq,Thylakoid
1754,A0A4X1TUM3,PDB IDs: 7mlu,7mlu,Eykaryo. plasma
1755,Q9WTR1,PDB IDs: 7xem,7xem,Eykaryo. plasma
1756,Q8K595,PDB IDs: 7dys,7dys,Eykaryo. plasma
1757,A0A803VFM3,PDB IDs: 8e4q,8e4q,Eykaryo. plasma
1758,Q8R4D5,PDB IDs: 7wra,7wra,Eykaryo. plasma
1759,J9SQF3,PDB IDs: 8ddq,8ddq,Eykaryo. plasma
1760,Q14654,PDB IDs: 7s5t,7s5t,Eykaryo. plasma
1761,Q63563,PDB IDs: 7mit,7mit,Eykaryo. plasma
1762,P63252,PDB IDs: 7zdz,7zdz,Eykaryo. plasma
1763,P0DMC3,PDB IDs: 7w0n,7w0n,Eykaryo. plasma
1764,A3M140,PDB IDs: 7p2y,7p2y,Gram-neg. inner
1765,A0A161CFW5,PDB IDs: 8ap9,8ap9,Mitochon. inner
1766,Q9GS23,PDB IDs: 8apa,8apa,Mitochon. inner
1767,P16140,PDB IDs: 7tmr,7tmr,Vacuole
1768,P43003,PDB IDs: 7npw,7npw,Eykaryo. plasma
1769,Q9SDM1,PDB IDs: 7ew6,7ew6,Thylakoid
1770,Q7NFT5,PDB IDs: 7f4v,7f4v,Thylakoid
1771,B4WP20,PDB IDs: 7s3d,7s3d,Thylakoid
1772,B4WKI3,PDB IDs: 7sa3,7sa3,Thylakoid
1773,O07091,PDB IDs: 7uea,7uea,Gram-neg. inner
1774,P48112,PDB IDs: 7dr0,7dr0,Thylakoid
1777,A1E9J6,PDB IDs: 7eu3,7eu3,Thylakoid
1778,A0A2K1JDE1,PDB IDs: 7ku5,7ku5,Thylakoid
1779,Q9SYW8,PDB IDs: 7wfe,7wfe,Thylakoid
1780,Q94AQ8,PDB IDs: 7wff,7wff,Thylakoid
1782,Q3J1A3,PDB IDs: 7vor,7vor,Gram-neg. inner
1783,A0A143BHR6,PDB IDs: 7o0u,7o0u,Gram-neg. inner
1784,A0A143BJ28,PDB IDs: 7o0w,7o0w,Gram-neg. inner
1785,Q3J1A6,PDB IDs: 7pqd,7pqd,Gram-neg. inner
1786,D0FY08,PDB IDs: 7pi0,7pi0,Thylakoid
1788,A0A679BXP6,PDB IDs: 7vd6,7vd6,Thylakoid
1789,A0QU28,PDB IDs: 8e9g,8e9g,Gram-pos. inner
1790,Q8NNK5,PDB IDs: 7qhm,7qhm,Gram-pos. inner
1791,Q8R1I1,PDB IDs: 7o37,7o37,Mitochon. inner
1792,Q9Y5Y9,PDB IDs: 7we4,7we4,Eykaryo. plasma
1793,O14764,PDB IDs: 7qn9,7qn9,Eykaryo. plasma
1794,P30531,PDB IDs: 7sk2,7sk2,Eykaryo. plasma
1795,P04899,PDB IDs: 7wv9,7wv9,Eykaryo. plasma
1796,Q5T601,PDB IDs: 7wu3,7wu3,Eykaryo. plasma
1797,Q9Y653,PDB IDs: 7sf8,7sf8,Eykaryo. plasma
1798,Q8IZF4,PDB IDs: 7eq1,7eq1,Eykaryo. plasma
1799,P32249,PDB IDs: 7tuy,7tuy,Eykaryo. plasma
1800,Q5T848,PDB IDs: 7ewl,7ewl,Eykaryo. plasma
1801,P49802,PDB IDs: 7shf,7shf,Eykaryo. plasma
1802,P55089,PDB IDs: 7try,7try,Eykaryo. plasma
1803,P50406,PDB IDs: 7xtb,7xtb,Eykaryo. plasma
1804,P34969,PDB IDs: 7xtc,7xtc,Eykaryo. plasma
1805,P47898,PDB IDs: 7um4,7um4,Eykaryo. plasma
1806,P09850,PDB IDs: 7xna,7xna,Eykaryo. plasma
1807,P31391,PDB IDs: 7xmt,7xmt,Eykaryo. plasma
1808,P30874,PDB IDs: 7xat,7xat,Eykaryo. plasma
1809,P49238,PDB IDs: 7xbw,7xbw,Eykaryo. plasma
1810,P01178,PDB IDs: 7qvm,7qvm,Eykaryo. plasma
1811,P32239,PDB IDs: 7f8v,7f8v,Eykaryo. plasma
1812,Q9Y5N1,PDB IDs: 7f61,7f61,Eykaryo. plasma
1813,P30411,PDB IDs: 7f6h,7f6h,Eykaryo. plasma
1814,P46663,PDB IDs: 7eib,7eib,Eykaryo. plasma
1815,P35372,PDB IDs: 8ef5,8ef5,Eykaryo. plasma
1816,Q9H228,PDB IDs: 7yxa,7yxa,Eykaryo. plasma
1817,Q96LB1,PDB IDs: 7s8l,7s8l,Eykaryo. plasma
1818,P21462,PDB IDs: 7t6t,7t6t,Eykaryo. plasma
1819,P32246,PDB IDs: 7vl8,7vl8,Eykaryo. plasma
1820,Q16663,PDB IDs: 7vl9,7vl9,Eykaryo. plasma
1821,O43603,PDB IDs: 7xbd,7xbd,Eykaryo. plasma
1822,P22466,PDB IDs: 7wq3,7wq3,Eykaryo. plasma
1823,E1BM79,PDB IDs: 7pd4,7pd4,Eykaryo. plasma
1824,P9WQ35,PDB IDs: 7yzi,7yzi,Gram-pos. inner
1825,P01189,PDB IDs: 7piv,7piv,Eykaryo. plasma
1826,O60895,PDB IDs: 7tyh,7tyh,Eykaryo. plasma
1827,P30988,PDB IDs: 7tyx,7tyx,Eykaryo. plasma
1828,P22888,PDB IDs: 7fig,7fig,Eykaryo. plasma
1829,P34981,PDB IDs: 7x1t,7x1t,Eykaryo. plasma
1830,P16473,PDB IDs: 7t9i,7t9i,Eykaryo. plasma
1831,P01222,PDB IDs: 7xw5,7xw5,Eykaryo. plasma
1832,A0A8X6EH36,PDB IDs: 7w74,7w74,Gram-neg. inner
1833,A0A9X9ZA75,PDB IDs: 7zou,7zou,Gram-neg. inner
1834,P15103,PDB IDs: 8ecy,8ecy,Eykaryo. plasma
1835,Q8NFU1,PDB IDs: 8d1e,8d1e,Eykaryo. plasma
1836,O76090,PDB IDs: 8d1i,8d1i,Eykaryo. plasma
1837,Q9JKQ2,PDB IDs: 7sun,7sun,Eykaryo. plasma
1839,O43520,PDB IDs: 7py4,7py4,Eykaryo. plasma
1840,Q3MIR4,PDB IDs: 7vgh,7vgh,Eykaryo. plasma
1841,A0A979HMS2,PDB IDs: 7waw,7waw,Gram-neg. inner
1842,P0ABM1,PDB IDs: 7f02,7f02,Gram-neg. inner
1843,Q7VHG9,PDB IDs: 7s9y,7s9y,Gram-neg. inner
1844,P19844,PDB IDs: 7o0y,7o0y,Gram-neg. inner
1845,P19573,PDB IDs: 7qba,7qba,Gram-neg. inner
1846,O34741,PDB IDs: 7tcg,7tcg,Gram-pos. inner
1848,O07549,PDB IDs: 7m33,7m33,Gram-pos. inner
1849,A0A0B9X4I2,PDB IDs: 7met,7met,Gram-neg. inner
1850,A0A140NBS6,PDB IDs: 7mew,7mew,Gram-neg. inner
1851,Q9LVM1,PDB IDs: 7n58,7n58,Mitochon. inner
1852,G0SBE6,PDB IDs: 7pqx,7pqx,Mitochon. inner
1853,O75027,PDB IDs: 7vgf,7vgf,Mitochon. inner
1854,F2QQK6,PDB IDs: 7qkr,7qkr,Eykaryo. plasma
1855,Q3MHW7,PDB IDs: 7m93,7m93,Endoplasm. reticulum
1856,Q06058,PDB IDs: 7rsl,7rsl,Endoplasm. reticulum
1860,A0A923IZ11,PDB IDs: 7zc6,7zc6,Gram-pos. inner
1862,Q837P4,PDB IDs: 7ocy,7ocy,Gram-pos. inner
1863,Q9JJ59,PDB IDs: 7v5c,7v5c,Lysosome
1864,Q8FDZ8,PDB IDs: 7sgr,7sgr,Gram-neg. inner
1867,P0DH92,PDB IDs: 7uw9,7uw9,Vacuole
1868,Q0P7K6,PDB IDs: 7mdc,7mdc,Gram-neg. inner
1869,A0A0H2V8D3,PDB IDs: 7mde,7mde,Gram-neg. inner
1870,P00347,PDB IDs: 8djk,8djk,Endoplasm. reticulum
1871,Q9RRB6,PDB IDs: 7zgx,7zgx,Gram-neg. outer
1872,A0A6I8R0A5,PDB IDs: 7si3,7si3,Golgi
1873,Q8NA29,PDB IDs: 7oix,7oix,Eykaryo. plasma
1874,Q0VNY2,PDB IDs: 7pgi,7pgi,Gram-neg. inner
1875,Q6Q760,PDB IDs: 7w7g,7w7g,Eykaryo. plasma
1876,P48547,PDB IDs: 7phh,7phh,Eykaryo. plasma
1877,P22001,PDB IDs: 7ssv,7ssv,Eykaryo. plasma
1878,Q9NZV8,PDB IDs: 7e7z,7e7z,Eykaryo. plasma
1879,P42658,PDB IDs: 7e87,7e87,Eykaryo. plasma
1880,Q9UK17,PDB IDs: 7w3y,7w3y,Eykaryo. plasma
1881,Q9NZI2,PDB IDs: 7w6n,7w6n,Eykaryo. plasma
1882,Q9NS61,PDB IDs: 7w6s,7w6s,Eykaryo. plasma
1883,P13637,PDB IDs: 8d3u,8d3u,Eykaryo. plasma
1884,P07340,PDB IDs: 7x20,7x20,Eykaryo. plasma
1885,P05030,PDB IDs: 7vh5,7vh5,Eykaryo. plasma
1888,Q9Y6A9,PDB IDs: 7p2p,7p2p,Endoplasm. reticulum
1891,P0AFS5,PDB IDs: 7nb6,7nb6,Gram-neg. inner
1892,P0AFS7,PDB IDs: 7ot9,7ot9,Gram-neg. inner
1895,P30572,PDB IDs: 7stl,7stl,Eykaryo. plasma
1896,G4Z2L3,PDB IDs: 7wjm,7wjm,Eykaryo. plasma
1897,P41440,PDB IDs: 7tx6,7tx6,Eykaryo. plasma
1898,Q9LFP6,PDB IDs: 7qp9,7qp9,Eykaryo. plasma
1899,Q9S7Z8,PDB IDs: 7wks,7wks,Eykaryo. plasma
1900,Q9C6B8,PDB IDs: 7y9t,7y9t,Eykaryo. plasma
1901,A0A1E8EBU8,PDB IDs: 7vlx,7vlx,Gram-pos. inner
1902,Q969N2,PDB IDs: 7wld,7wld,Endoplasm. reticulum
1903,P57758,PDB IDs: 7zk1,7zk1,Lysosome
1904,O60931,PDB IDs: 8dke,8dke,Lysosome
1905,A0A1Y0Q3C0,PDB IDs: 7efo,7efo,Gram-neg. inner
1906,Q8WWI5,PDB IDs: 7wwb,7wwb,Eykaryo. plasma
1908,Q1LJU1,PDB IDs: 7tpg,7tpg,Gram-neg. inner
1909,O50330,PDB IDs: 7oiu,7oiu,Gram-neg. outer
1910,O50337,PDB IDs: 7o3j,7o3j,Gram-neg. outer
1911,Q8KNL7,PDB IDs: 7spc,7spc,Gram-neg. outer
1912,Q47453,PDB IDs: 7pge,7pge,Gram-neg. outer
1913,C3TPJ2,PDB IDs: 7ojf,7ojf,Gram-neg. outer
1914,P44543,PDB IDs: 7qe5,7qe5,Gram-neg. inner
1915,Q8NBN3,PDB IDs: 8ctj,8ctj,Golgi
1916,D3KZG3,PDB IDs: 7usw,7usw,Eykaryo. plasma
1917,Q5HYA8,PDB IDs: 7fh1,7fh1,Eykaryo. plasma
1918,Q57038,PDB IDs: 7r0w,7r0w,Thylakoid
1919,Q9SJE9,PDB IDs: 7voj,7voj,Eykaryo. plasma
1920,I1J9K0,PDB IDs: 7w6k,7w6k,Eykaryo. plasma
1921,P0AB58,PDB IDs: 7t6d,7t6d,Gram-neg. inner
1922,F7IVA8,PDB IDs: 7pgf,7pgf,Gram-neg. inner
1923,P08069,PDB IDs: 7ph8,7ph8,Eykaryo. plasma
1924,D6QLY2,PDB IDs: 7pzf,7pzf,Gram-neg. outer
1925,P17302,PDB IDs: 7f92,7f92,Eykaryo. plasma
1926,Q14028,PDB IDs: 7rh9,7rh9,Eykaryo. plasma
1927,Q03720,PDB IDs: 7pxe,7pxe,Eykaryo. plasma
1928,P22756,PDB IDs: 7lvt,7lvt,Eykaryo. plasma
1929,Q14832,PDB IDs: 7wi6,7wi6,Eykaryo. plasma
1930,P14672,PDB IDs: 7wsm,7wsm,Eykaryo. plasma
1931,Q9P0X4,PDB IDs: 7wli,7wli,Eykaryo. plasma
1932,P54284,PDB IDs: 7uhg,7uhg,Eykaryo. plasma
1933,P06028,PDB IDs: 8crt,8crt,Eykaryo. plasma
1934,Q6Z2T3,PDB IDs: 7cjs,7cjs,Eykaryo. plasma
1935,M1K561,PDB IDs: 7w7r,7w7r,Eykaryo. plasma
1936,Q9NQ11,PDB IDs: 7m5v,7m5v,Lysosome
1937,P10747,PDB IDs: 7vu5,7vu5,Eykaryo. plasma
1938,P40527,PDB IDs: 7rd6,7rd6,Golgi
1939,C0LJI4,PDB IDs: 7s4m,7s4m,Gram-neg. inner
